Generation,Timeline (ignore),Parental(ignore),ID,Treatment,# of Seeds ,Weight_200_seeds (mg),Weight_total (mg),Weight_1seed,Num_seeds
S1,1,W,1000,wet,200,4.627,48.13,0.023135,2080.397666
S1,1,W,1000,dry,187,5.002,36.629,0.0267486631,1369.376849
S1,1,W,1001,wet,,,,#DIV/0!,#DIV/0!
S1,1,W,1001,dry,,,,#DIV/0!,#DIV/0!
S1,1,W,1002,wet,194,5.639,26.71,0.02906701031,918.9111545
S1,1,W,1002,dry,,,,#DIV/0!,#DIV/0!
S1,1,D,1003,wet,,,,#DIV/0!,#DIV/0!
S1,1,D,1003,dry,,,,#DIV/0!,#DIV/0!
S1,1,D,1004,wet,200,4.301,32.089,0.021505,1492.164613
S1,1,D,1004,dry,,,,#DIV/0!,#DIV/0!
S1,1,D,1005,wet,212,4.729,43.391,0.02230660377,1945.208712
S1,1,D,1005,dry,,,,#DIV/0!,#DIV/0!
S1,3,W,1006,wet,,,,#DIV/0!,#DIV/0!
S1,3,W,1006,dry,,,,#DIV/0!,#DIV/0!
S1,3,W,1007,wet,,,,#DIV/0!,#DIV/0!
S1,3,W,1007,dry,,,,#DIV/0!,#DIV/0!
S1,3,W,1008,wet,,,                                                                                                                                                  ,#DIV/0!,#DIV/0!
S1,3,W,1008,dry,,,,#DIV/0!,#DIV/0!
S1,3,D,1009,wet,,,,#DIV/0!,#DIV/0!
S1,3,D,1009,dry,,,,#DIV/0!,#DIV/0!
S1,3,D,1010,wet,,,,#DIV/0!,#DIV/0!
S1,3,D,1010,dry,188,5.639,29.156,0.02999468085,972.039014
S1,3,D,1011,wet,,,,#DIV/0!,#DIV/0!
S1,3,D,1011,dry,,,,#DIV/0!,#DIV/0!
S1,4,W,1012,wet,,,,#DIV/0!,#DIV/0!
S1,4,W,1012,dry,,,,#DIV/0!,#DIV/0!
S1,4,W,1013,wet,,,,#DIV/0!,#DIV/0!
S1,4,W,1013,dry,198,4.973,35.994,0.02511616162,1433.101146
S1,4,W,1014,wet,200,4.719,19.624,0.023595,831.7016317
S1,4,W,1014,dry,,,,#DIV/0!,#DIV/0!
S1,4,D,1015,wet,,,,#DIV/0!,#DIV/0!
S1,4,D,1015,dry,203,4.669,30.302,0.023,1317.478261
S1,4,D,1016,wet,207,3.910,25.296,0.01888888889,1339.2
S1,4,D,1016,dry,178,4.165,33.962,0.0233988764,1451.437215
S1,4,D,1017,wet,,,,#DIV/0!,#DIV/0!
S1,4,D,1017,dry,175,3.673,29.458,0.02098857143,1403.525728
S1,6,W,1018,wet,,,,#DIV/0!,#DIV/0!
S1,6,W,1018,dry,,,,#DIV/0!,#DIV/0!
S1,6,W,1019,wet,178,3.873,16.194,0.02175842697,744.2633617
S1,6,W,1019,dry,,,,#DIV/0!,#DIV/0!
S1,6,W,1020,wet,175,4.084,36.702,0.02333714286,1572.686092
S1,6,W,1020,dry,187,4.173,24.816,0.02231550802,1112.051761
S1,6,D,1021,wet,,,,#DIV/0!,#DIV/0!
S1,6,D,1021,dry,171,3.951,26.159,0.02310526316,1132.166287
S1,6,D,1022,wet,230,4.055,43.035,0.01763043478,2440.949445
S1,6,D,1022,dry,,,,#DIV/0!,#DIV/0!
S1,6,D,1023,wet,219,2.499,32.892,0.0114109589,2882.492197
S1,6,D,1023,dry,,,,#DIV/0!,#DIV/0!
S1,7,W,1024,wet,,,,#DIV/0!,#DIV/0!
S1,7,W,1024,dry,200,5.494,43.704,0.02747,1590.971969
S1,7,W,1025,wet,,,,#DIV/0!,#DIV/0!
S1,7,W,1025,dry,,,,#DIV/0!,#DIV/0!
S1,7,W,1026,wet,,,,#DIV/0!,#DIV/0!
S1,7,W,1026,dry,198,4.417,46.128,0.02230808081,2067.770885
S1,7,D,1027,wet,,,,#DIV/0!,#DIV/0!
S1,7,D,1027,dry,226,6.329,38.609,0.02800442478,1378.674988
S1,7,D,1028,wet,,,,#DIV/0!,#DIV/0!
S1,7,D,1028,dry,,,,#DIV/0!,#DIV/0!
S1,7,D,1029,wet,,,,#DIV/0!,#DIV/0!
S1,7,D,1029,dry,213,4.207,49.996,0.01975117371,2531.292608
S1,28,W,1030,wet,,,,#DIV/0!,#DIV/0!
S1,28,W,1030,dry,,,,#DIV/0!,#DIV/0!
S1,28,W,1031,wet,,,,#DIV/0!,#DIV/0!
S1,28,W,1031,dry,,,,#DIV/0!,#DIV/0!
S1,28,W,1032,wet,,,,#DIV/0!,#DIV/0!
S1,28,W,1032,dry,191,4.841,58.782,0.02534554974,2319.223714
S1,28,D,1033,wet,,,,#DIV/0!,#DIV/0!
S1,28,D,1033,dry,,,,#DIV/0!,#DIV/0!
S1,28,D,1034,wet,,,,#DIV/0!,#DIV/0!
S1,28,D,1034,dry,,,,#DIV/0!,#DIV/0!
S1,28,D,1035,wet,,,,#DIV/0!,#DIV/0!
S1,28,D,1035,dry,,,,#DIV/0!,#DIV/0!
S1,29,W,1036,wet,,,,#DIV/0!,#DIV/0!
S1,29,W,1036,dry,,,,#DIV/0!,#DIV/0!
S1,29,W,1037,wet,,,,#DIV/0!,#DIV/0!
S1,29,W,1037,dry,197,4.192,38.685,0.02127918782,1817.973521
S1,29,W,1038,wet,,,,#DIV/0!,#DIV/0!
S1,29,W,1038,dry,188,4.805,39.112,0.02555851064,1530.292612
S1,29,D,1039,wet,,,,#DIV/0!,#DIV/0!
S1,29,D,1039,dry,,,,#DIV/0!,#DIV/0!
S1,29,D,1040,wet,,,,#DIV/0!,#DIV/0!
S1,29,D,1040,dry,,,,#DIV/0!,#DIV/0!
S1,29,D,1041,wet,,,,#DIV/0!,#DIV/0!
S1,29,D,1041,dry,,,,#DIV/0!,#DIV/0!
S1,32,W,1042,wet,,,,#DIV/0!,#DIV/0!
S1,32,W,1042,dry,191,4.907,47.351,0.02569109948,1843.089668
S1,32,W,1043,wet,192,3.965,40.294,0.02065104167,1951.184868
S1,32,W,1043,dry,200,4.572,41.374,0.02286,1809.886264
S1,32,W,1044,wet,,,,#DIV/0!,#DIV/0!
S1,32,W,1044,dry,,,,#DIV/0!,#DIV/0!
S1,32,D,1045,wet,200,4.038,43.664,0.02019,2162.65478
S1,32,D,1045,dry,,,,#DIV/0!,#DIV/0!
S1,32,D,1046,wet,,,,#DIV/0!,#DIV/0!
S1,32,D,1046,dry,,,,#DIV/0!,#DIV/0!
S1,32,D,1047,wet,,,,#DIV/0!,#DIV/0!
S1,32,D,1047,dry,,,,#DIV/0!,#DIV/0!
S1,35,W,1048,wet,200,4.458,18.600,0.02229,834.4549125
S1,35,W,1048,dry,,,,#DIV/0!,#DIV/0!
S1,35,W,1049,wet,,,,#DIV/0!,#DIV/0!
S1,35,W,1049,dry,,,,#DIV/0!,#DIV/0!
S1,35,W,1050,wet,,,,#DIV/0!,#DIV/0!
S1,35,W,1050,dry,,,,#DIV/0!,#DIV/0!
S1,35,D,1051,wet,,,,#DIV/0!,#DIV/0!
S1,35,D,1051,dry,,,,#DIV/0!,#DIV/0!
S1,35,D,1052,wet,,,,#DIV/0!,#DIV/0!
S1,35,D,1052,dry,,,,#DIV/0!,#DIV/0!
S1,35,D,1053,wet,,,,#DIV/0!,#DIV/0!
S1,35,D,1053,dry,,,,#DIV/0!,#DIV/0!
S1,37,W,1054,wet,,,,#DIV/0!,#DIV/0!
S1,37,W,1054,dry,173,4.604,41.562,0.02661271676,1561.734579
S1,37,W,1055,wet,,,,#DIV/0!,#DIV/0!
S1,37,W,1055,dry,177,3.277,32.233,0.01851412429,1740.995117
S1,37,W,1056,wet,,,,#DIV/0!,#DIV/0!
S1,37,W,1056,dry,,,,#DIV/0!,#DIV/0!
S1,37,D,1057,wet,200,4.341,56.613,0.021705,2608.29302
S1,37,D,1057,dry,,,,#DIV/0!,#DIV/0!
S1,37,D,1058,wet,,,,#DIV/0!,#DIV/0!
S1,37,D,1058,dry,,,,#DIV/0!,#DIV/0!
S1,37,D,1059,wet,,,,#DIV/0!,#DIV/0!
S1,37,D,1059,dry,,,,#DIV/0!,#DIV/0!
S1,38,W,1060,wet,205,4.430,54.476,0.0216097561,2520.89842
S1,38,W,1060,dry,,,,#DIV/0!,#DIV/0!
S1,38,W,1061,wet,214,3.087,18.569,0.01442523364,1287.258179
S1,38,W,1061,dry,,,,#DIV/0!,#DIV/0!
S1,38,W,1062,wet,,,,#DIV/0!,#DIV/0!
S1,38,W,1062,dry,187,3.176,10.992,0.01698395722,647.1989924
S1,38,D,1063,wet,,,,#DIV/0!,#DIV/0!
S1,38,D,1063,dry,203,3.882,49.69,0.01912315271,2598.420917
S1,38,D,1064,wet,,,,#DIV/0!,#DIV/0!
S1,38,D,1064,dry,,,,#DIV/0!,#DIV/0!
S1,38,D,1065,wet,,,,#DIV/0!,#DIV/0!
S1,38,D,1065,dry,,,,#DIV/0!,#DIV/0!
S1,39A,W,1066,wet,200,3.053,23.916,0.015265,1566.721258
S1,39A,W,1066,dry,190,2.985,27.823,0.01571052632,1770.978224
S1,39A,W,1067,wet,210,3.661,38.384,0.01743333333,2201.759082
S1,39A,W,1067,dry,203,5.528,17.664,0.02723152709,648.6599132
S1,39A,W,1068,wet,,,,#DIV/0!,#DIV/0!
S1,39A,W,1068,dry,197,4.279,43.252,0.02172081218,1991.269923
S1,39A,D,1069,wet,205,4.978,61.013,0.02428292683,2512.588389
S1,39A,D,1069,dry,,,,#DIV/0!,#DIV/0!
S1,39A,D,1070,wet,,,,#DIV/0!,#DIV/0!
S1,39A,D,1070,dry,,,,#DIV/0!,#DIV/0!
S1,39A,D,1071,wet,,,,#DIV/0!,#DIV/0!
S1,39A,D,1071,dry,,,,#DIV/0!,#DIV/0!
S1,39B,W,1072,wet,200,3.303,37.586,0.016515,2275.870421
S1,39B,W,1072,dry,216,4.098,39.221,0.01897222222,2067.285505
S1,39B,W,1073,wet,212,3.755,51.066,0.01771226415,2883.087084
S1,39B,W,1073,dry,,,,#DIV/0!,#DIV/0!
S1,39B,W,1074,wet,,,,#DIV/0!,#DIV/0!
S1,39B,W,1074,dry,182,3.383,53.192,0.01858791209,2861.644694
S1,39B,D,1075,wet,216,4.137,56.428,0.01915277778,2946.204496
S1,39B,D,1075,dry,200,3.977,46.438,0.019885,2335.328137
S1,39B,D,1076,wet,200,3.592,38.739,0.01796,2156.959911
S1,39B,D,1076,dry,,,,#DIV/0!,#DIV/0!
S1,39B,D,1077,wet,,,,#DIV/0!,#DIV/0!
S1,39B,D,1077,dry,206,4.006,43.176,0.01944660194,2220.23365
S1,40,W,1078,wet,,,,#DIV/0!,#DIV/0!
S1,40,W,1078,dry,,,,#DIV/0!,#DIV/0!
S1,40,W,1079,wet,,,,#DIV/0!,#DIV/0!
S1,40,W,1079,dry,183,4.123,10.225,0.02253005464,453.8382246
S1,40,W,1080,wet,,,,#DIV/0!,#DIV/0!
S1,40,W,1080,dry,185,4.875,49.629,0.02635135135,1883.356923
S1,40,D,1081,wet,,,,#DIV/0!,#DIV/0!
S1,40,D,1081,dry,,,,#DIV/0!,#DIV/0!
S1,40,D,1082,wet,,,,#DIV/0!,#DIV/0!
S1,40,D,1082,dry,213,4.165,42.67,0.01955399061,2182.163265
S1,40,D,1083,wet,,,,#DIV/0!,#DIV/0!
S1,40,D,1083,dry,211,5.038,57.975,0.02387677725,2428.091505
S1,41,W,1084,wet,,,,#DIV/0!,#DIV/0!
S1,41,W,1084,dry,228,4.479,38.016,0.01964473684,1935.174816
S1,41,W,1085,wet,,,,#DIV/0!,#DIV/0!
S1,41,W,1085,dry,,,,#DIV/0!,#DIV/0!
S1,41,W,1086,wet,,,,#DIV/0!,#DIV/0!
S1,41,W,1086,dry,200,3.708,25.839,0.01854,1393.68932
S1,41,D,1087,wet,,,,#DIV/0!,#DIV/0!
S1,41,D,1087,dry,200,4.108,43.467,0.02054,2116.212269
S1,41,D,1088,wet,,,,#DIV/0!,#DIV/0!
S1,41,D,1088,dry,,,,#DIV/0!,#DIV/0!
S1,41,D,1089,wet,,,,#DIV/0!,#DIV/0!
S1,41,D,1089,dry,,,,#DIV/0!,#DIV/0!
S1,49,W,1090,wet,194,3.176,36.067,0.01637113402,2203.085013
S1,49,W,1090,dry,,,,#DIV/0!,#DIV/0!
S1,49,W,1091,wet,218,4.119,37.709,0.01889449541,1995.766448
S1,49,W,1091,dry,,,,#DIV/0!,#DIV/0!
S1,49,W,1092,wet,215,4.474,46.411,0.02080930233,2230.300626
S1,49,W,1092,dry,,,,#DIV/0!,#DIV/0!
S1,49,D,1093,wet,,,,#DIV/0!,#DIV/0!
S1,49,D,1093,dry,194,4.58,52.921,0.02360824742,2241.631878
S1,49,D,1094,wet,200,3.822,40.213,0.01911,2104.290947
S1,49,D,1094,dry,,,,#DIV/0!,#DIV/0!
S1,49,D,1095,wet,213,3.952,57.388,0.01855399061,3093.027328
S1,49,D,1095,dry,202,4.034,44.5755,0.01997029703,2232.089985
S1,51,W,1096,wet,,,,#DIV/0!,#DIV/0!
S1,51,W,1096,dry,,,,#DIV/0!,#DIV/0!
S1,51,W,1097,wet,,,,#DIV/0!,#DIV/0!
S1,51,W,1097,dry,,,,#DIV/0!,#DIV/0!
S1,51,W,1098,wet,,,,#DIV/0!,#DIV/0!
S1,51,W,1098,dry,198,6.421,45.326,0.03242929293,1397.686965
S1,51,D,1099,wet,,,,#DIV/0!,#DIV/0!
S1,51,D,1099,dry,,,,#DIV/0!,#DIV/0!
S1,51,D,1100,wet,200,4.813,41.551,0.024065,1726.615417
S1,51,D,1100,dry,185,6.268,29.548,0.03388108108,872.1091257
S1,51,D,1101,wet,217,2.269,23.055,0.0104562212,2204.907448
S1,51,D,1101,dry,186,4.092,51.1891,0.022,2326.777273
S1,52,W,1102,wet,214,4.677,33.766,0.02185514019,1544.991234
S1,52,W,1102,dry,200,4.921,65.031,0.024605,2642.99939
S1,52,W,1103,wet,,,,#DIV/0!,#DIV/0!
S1,52,W,1103,dry,176,4.198,63.781,0.02385227273,2674.000953
S1,52,W,1104,wet,209,3.866,49.714,0.01849760766,2687.590792
S1,52,W,1104,dry,194,4.795,43.498,0.02471649485,1759.877372
S1,52,D,1105,wet,,,,#DIV/0!,#DIV/0!
S1,52,D,1105,dry,,,,#DIV/0!,#DIV/0!
S1,52,D,1106,wet,,,,#DIV/0!,#DIV/0!
S1,52,D,1106,dry,200,3.979,39.907,0.019895,2005.880875
S1,52,D,1107,wet,,,,#DIV/0!,#DIV/0!
S1,52,D,1107,dry,,,,#DIV/0!,#DIV/0!
S1,54,W,1108,wet,,,,#DIV/0!,#DIV/0!
S1,54,W,1108,dry,,,,#DIV/0!,#DIV/0!
S1,54,W,1109,wet,,,,#DIV/0!,#DIV/0!
S1,54,W,1109,dry,,,,#DIV/0!,#DIV/0!
S1,54,W,1110,wet,,,,#DIV/0!,#DIV/0!
S1,54,W,1110,dry,,,,#DIV/0!,#DIV/0!
S1,54,D,1111,wet,,,,#DIV/0!,#DIV/0!
S1,54,D,1111,dry,200,4.115,11.393,0.020575,553.7302552
S1,54,D,1112,wet,189,4.902,54.557,0.02593650794,2103.482864
S1,54,D,1112,dry,187,4.044,23.631,0.02162566845,1092.729228
S1,54,D,1113,wet,,,,#DIV/0!,#DIV/0!
S1,54,D,1113,dry,200,4.996,23.867,0.02498,955.4443555
S1,57,W,1114,wet,,,,#DIV/0!,#DIV/0!
S1,57,W,1114,dry,,,,#DIV/0!,#DIV/0!
S1,57,W,1115,wet,,,,#DIV/0!,#DIV/0!
S1,57,W,1115,dry,200,4.774,35.182,0.02387,1473.900293
S1,57,W,1116,wet,203,4.762,40.861,0.02345812808,1741.869593
S1,57,W,1116,dry,,,,#DIV/0!,#DIV/0!
S1,57,D,1117,wet,218,4.493,68.687,0.02061009174,3332.687736
S1,57,D,1117,dry,,,,#DIV/0!,#DIV/0!
S1,57,D,1118,wet,,,,#DIV/0!,#DIV/0!
S1,57,D,1118,dry,,,,#DIV/0!,#DIV/0!
S1,57,D,1119,wet,,,,#DIV/0!,#DIV/0!
S1,57,D,1119,dry,,,,#DIV/0!,#DIV/0!
S1,148,W,1120,wet,,,,#DIV/0!,#DIV/0!
S1,148,W,1120,dry,206,5.234,36.201,0.02540776699,1424.800535
S1,148,W,1121,wet,,,,#DIV/0!,#DIV/0!
S1,148,W,1121,dry,,,,#DIV/0!,#DIV/0!
S1,148,W,1122,wet,,,,#DIV/0!,#DIV/0!
S1,148,W,1122,dry,,,,#DIV/0!,#DIV/0!
S1,148,D,1123,wet,,,,#DIV/0!,#DIV/0!
S1,148,D,1123,dry,,,,#DIV/0!,#DIV/0!
S1,148,D,1124,wet,,,,#DIV/0!,#DIV/0!
S1,148,D,1124,dry,200,4.643,32.953,0.023215,1419.47017
S1,148,D,1125,wet,,,,#DIV/0!,#DIV/0!
S1,148,D,1125,dry,172,4.083,35.525,0.02373837209,1496.522165
S1,152,W,1126,wet,,,,#DIV/0!,#DIV/0!
S1,152,W,1126,dry,,,,#DIV/0!,#DIV/0!
S1,152,W,1127,wet,,,,#DIV/0!,#DIV/0!
S1,152,W,1127,dry,,,,#DIV/0!,#DIV/0!
S1,152,W,1128,wet,,,,#DIV/0!,#DIV/0!
S1,152,W,1128,dry,,,,#DIV/0!,#DIV/0!
S1,152,D,1129,wet,,,,#DIV/0!,#DIV/0!
S1,152,D,1129,dry,,,,#DIV/0!,#DIV/0!
S1,152,D,1130,wet,,,,#DIV/0!,#DIV/0!
S1,152,D,1130,dry,,,,#DIV/0!,#DIV/0!
S1,152,D,1131,wet,,,,#DIV/0!,#DIV/0!
S1,152,D,1131,dry,181,4.469,57.277,0.02469060773,2319.788991
S1,153,W,1132,wet,,,,#DIV/0!,#DIV/0!
S1,153,W,1132,dry,200,4.298,37.709,0.02149,1754.723127
S1,153,W,1133,wet,,,,#DIV/0!,#DIV/0!
S1,153,W,1133,dry,186,4.301,29.999,0.02312365591,1297.329458
S1,153,W,1134,wet,200,3.585,22.396,0.017925,1249.428173
S1,153,W,1134,dry,210,4.923,38.455,0.02344285714,1640.371725
S1,153,D,1135,wet,,,,#DIV/0!,#DIV/0!
S1,153,D,1135,dry,202,4.051,33.162,0.02005445545,1653.59763
S1,153,D,1136,wet,,,,#DIV/0!,#DIV/0!
S1,153,D,1136,dry,,,,#DIV/0!,#DIV/0!
S1,153,D,1137,wet,191,3.889,30.261,0.02036125654,1486.204937
S1,153,D,1137,dry,189,4.019,25.123,0.02126455026,1181.449863
S1,154,W,1138,wet,209,5.505,44.161,0.02633971292,1676.593824
S1,154,W,1138,dry,,,,#DIV/0!,#DIV/0!
S1,154,W,1139,wet,192,5.231,40.762,0.02724479167,1496.13917
S1,154,W,1139,dry,,,,#DIV/0!,#DIV/0!
S1,154,W,1140,wet,191,3.903,32.021,0.02043455497,1567.002562
S1,154,W,1140,dry,,,,#DIV/0!,#DIV/0!
S1,154,D,1141,wet,,,,#DIV/0!,#DIV/0!
S1,154,D,1141,dry,,,,#DIV/0!,#DIV/0!
S1,154,D,1142,wet,192,4.866,38.256,0.02534375,1509.484587
S1,154,D,1142,dry,,,,#DIV/0!,#DIV/0!
S1,154,D,1143,wet,,,,#DIV/0!,#DIV/0!
S1,154,D,1143,dry,,,,#DIV/0!,#DIV/0!
S1,155,W,1144,wet,,,,#DIV/0!,#DIV/0!
S1,155,W,1144,dry,217,6.221,44.624,0.02866820276,1556.567754
S1,155,W,1145,wet,209,6.129,52.471,0.02932535885,1789.270517
S1,155,W,1145,dry,,,,#DIV/0!,#DIV/0!
S1,155,W,1146,wet,,,,#DIV/0!,#DIV/0!
S1,155,W,1146,dry,209,5.945,45.858,0.02844497608,1612.165181
S1,155,D,1147,wet,,,,#DIV/0!,#DIV/0!
S1,155,D,1147,dry,205,5.983,33.408,0.02918536585,1144.683269
S1,155,D,1148,wet,179,3.849,26.106,0.0215027933,1214.074825
S1,155,D,1148,dry,203,5.269,51.236,0.02595566502,1973.981401
S1,155,D,1149,wet,190,3.140,35.564,0.01652631579,2151.961783
S1,155,D,1149,dry,184,5.574,21.903,0.03029347826,723.0269107
S1,164,W,1150,wet,217,4.622,36.43,0.02129953917,1710.365643
S1,164,W,1150,dry,171,4.883,38.163,0.02855555556,1336.447471
S1,164,W,1151,wet,223,3.836,30.553,0.01720179372,1776.151981
S1,164,W,1151,dry,209,5.271,48.658,0.02522009569,1929.334472
S1,164,W,1152,wet,,,,#DIV/0!,#DIV/0!
S1,164,W,1152,dry,193,6.463,30.219,0.03348704663,902.4086338
S1,164,D,1153,wet,,,,#DIV/0!,#DIV/0!
S1,164,D,1153,dry,192,5.925,48.352,0.030859375,1566.84962
S1,164,D,1154,wet,186,4.737,41.454,0.02546774194,1627.706143
S1,164,D,1154,dry,200,5.614,43.049,0.02807,1533.63021
S1,164,D,1155,wet,199,4.782,59.078,0.02403015075,2458.494772
S1,164,D,1155,dry,,,,#DIV/0!,#DIV/0!
S1,166,W,1156,wet,200,3.709,28.243,0.018545,1522.94419
S1,166,W,1156,dry,,,,#DIV/0!,#DIV/0!
S1,166,W,1157,wet,210,4.563,32.461,0.02172857143,1493.931624
S1,166,W,1157,dry,,,,#DIV/0!,#DIV/0!
S1,166,W,1158,wet,,,,#DIV/0!,#DIV/0!
S1,166,W,1158,dry,185,5.701,50.414,0.03081621622,1635.95685
S1,166,D,1159,wet,,,,#DIV/0!,#DIV/0!
S1,166,D,1159,dry,193,5.177,44.782,0.0268238342,1669.485416
S1,166,D,1160,wet,212,5.362,48.776,0.02529245283,1928.480418
S1,166,D,1160,dry,181,4.272,44.387,0.02360220994,1880.628979
S1,166,D,1161,wet,194,4.183,46.230,0.02156185567,2144.064069
S1,166,D,1161,dry,217,6.812,59.339,0.03139170507,1890.276424
S1,167,W,1162,wet,186,3.981,42.874,0.02140322581,2003.155991
S1,167,W,1162,dry,184,5.088,45.253,0.02765217391,1636.507862
S1,167,W,1163,wet,,,,#DIV/0!,#DIV/0!
S1,167,W,1163,dry,228,5.572,38.578,0.02443859649,1578.568557
S1,167,W,1164,wet,,,,#DIV/0!,#DIV/0!
S1,167,W,1164,dry,222,5.513,44.046,0.02483333333,1773.66443
S1,167,D,1165,wet,196,4.066,40.863,0.02074489796,1969.785539
S1,167,D,1165,dry,219,4.776,28.993,0.02180821918,1329.452889
S1,167,D,1166,wet,,,,#DIV/0!,#DIV/0!
S1,167,D,1166,dry,185,5.291,45.788,0.0286,1600.979021
S1,167,D,1167,wet,,,,#DIV/0!,#DIV/0!
S1,167,D,1167,dry,200,5.22,33.719,0.0261,1291.915709
S1,170,W,1168,wet,201,4.523,37.095,0.02250248756,1648.484413
S1,170,W,1168,dry,212,5.926,35.990,0.02795283019,1287.526156
S1,170,W,1169,wet,,,,#DIV/0!,#DIV/0!
S1,170,W,1169,dry,,,,#DIV/0!,#DIV/0!
S1,170,W,1170,wet,200,4.725,48.337,0.023625,2046.010582
S1,170,W,1170,dry,188,5.575,57.360,0.02965425532,1934.292377
S1,170,D,1171,wet,200,5.425,24.243,0.027125,893.7511521
S1,170,D,1171,dry,,,,#DIV/0!,#DIV/0!
S1,170,D,1172,wet,217,5.269,33.735,0.02428110599,1389.351869
S1,170,D,1172,dry,188,5.756,37.958,0.03061702128,1239.767894
S1,170,D,1173,wet,185,5.125,39.336,0.0277027027,1419.933659
S1,170,D,1173,dry,177,3.935,39.123,0.02223163842,1759.789327
S1,172,W,1174,wet,,,,#DIV/0!,#DIV/0!
S1,172,W,1174,dry,,,,#DIV/0!,#DIV/0!
S1,172,W,1175,wet,209,3.735,30.119,0.0178708134,1685.373762
S1,172,W,1175,dry,200,4.738,32.095,0.02369,1354.791051
S1,172,W,1176,wet,,,,#DIV/0!,#DIV/0!
S1,172,W,1176,dry,,,,#DIV/0!,#DIV/0!
S1,172,D,1177,wet,212,4.341,27.521,0.02047641509,1344.034094
S1,172,D,1177,dry,213,5.661,38.299,0.02657746479,1441.032856
S1,172,D,1178,wet,199,3.954,25.711,0.01986934673,1294.003288
S1,172,D,1178,dry,197,5.04,34.401,0.02558375635,1344.642262
S1,172,D,1179,wet,212,4.985,40.499,0.02351415094,1722.324574
S1,172,D,1179,dry,215,5.285,36.408,0.02458139535,1481.120151
S1,342,W,1180,wet,,,,#DIV/0!,#DIV/0!
S1,342,W,1180,dry,,,,#DIV/0!,#DIV/0!
S1,342,W,1181,wet,,,,#DIV/0!,#DIV/0!
S1,342,W,1181,dry,,,,#DIV/0!,#DIV/0!
S1,342,W,1182,wet,,,,#DIV/0!,#DIV/0!
S1,342,W,1182,dry,,,,#DIV/0!,#DIV/0!
S1,342,D,1183,wet,218,4.522,37.263,0.02074311927,1796.402919
S1,342,D,1183,dry,173,5.121,57.928,0.02960115607,1956.950596
S1,342,D,1184,wet,209,4.812,46.872,0.02302392344,2035.795511
S1,342,D,1184,dry,185,5.844,53.191,0.03158918919,1683.835558
S1,342,D,1185,wet,193,4.402,53.092,0.02280829016,2327.750114
S1,342,D,1185,dry,180,5.262,51.209,0.02923333333,1751.733181
S1,343,W,1186,wet,229,5.588,58.952,0.02440174672,2415.892627
S1,343,W,1186,dry,208,5.324,61.227,0.02559615385,2392.039068
S1,343,W,1187,wet,,,,#DIV/0!,#DIV/0!
S1,343,W,1187,dry,,,,#DIV/0!,#DIV/0!
S1,343,W,1188,wet,213,5.073,47.629,0.02381690141,1999.798344
S1,343,W,1188,dry,,,,#DIV/0!,#DIV/0!
S1,343,D,1189,wet,,,,#DIV/0!,#DIV/0!
S1,343,D,1189,dry,188,5.228,43.165,0.02780851064,1552.222647
S1,343,D,1190,wet,201,4.668,39.634,0.0232238806,1706.605398
S1,343,D,1190,dry,183,3.615,31.567,0.01975409836,1597.99751
S1,343,D,1191,wet,,,,#DIV/0!,#DIV/0!
S1,343,D,1191,dry,199,6.141,47.422,0.03085929648,1536.716821
S1,344,W,1192,wet,,,,#DIV/0!,#DIV/0!
S1,344,W,1192,dry,,,,#DIV/0!,#DIV/0!
S1,344,W,1193,wet,,,,#DIV/0!,#DIV/0!
S1,344,W,1193,dry,184,4.865,42.605,0.02644021739,1611.371017
S1,344,W,1194,wet,176,4.084,43.889,0.02320454545,1891.39667
S1,344,W,1194,dry,,,,#DIV/0!,#DIV/0!
S1,344,D,1195,wet,,,,#DIV/0!,#DIV/0!
S1,344,D,1195,dry,198,6.271,63.757,0.03167171717,2013.057886
S1,344,D,1196,wet,205,4.449,52.871,0.02170243902,2436.177793
S1,344,D,1196,dry,207,5.265,51.798,0.02543478261,2036.502564
S1,344,D,1197,wet,202,5.046,59.361,0.02498019802,2376.322235
S1,344,D,1197,dry,,,,#DIV/0!,#DIV/0!
S1,345,W,1198,wet,213,4.696,58.091,0.02204694836,2634.877129
S1,345,W,1198,dry,200,4.97,47.579,0.02485,1914.647887
S1,345,W,1199,wet,,,,#DIV/0!,#DIV/0!
S1,345,W,1199,dry,,,,#DIV/0!,#DIV/0!
S1,345,W,1200,wet,232,5.659,54.193,0.02439224138,2221.731048
S1,345,W,1200,dry,,,,#DIV/0!,#DIV/0!
S1,345,D,1201,wet,,,,#DIV/0!,#DIV/0!
S1,345,D,1201,dry,,,,#DIV/0!,#DIV/0!
S1,345,D,1202,wet,181,4.001,6.937,0.02210497238,313.8207948
S1,345,D,1202,dry,183,5.036,8.738,0.02751912568,317.5246227
S1,345,D,1203,wet,,,,#DIV/0!,#DIV/0!
S1,345,D,1203,dry,200,5.629,58.839,0.028145,2090.566708
S1,349,W,1204,wet,188,4.189,40.931,0.02228191489,1836.960611
S1,349,W,1204,dry,,,,#DIV/0!,#DIV/0!
S1,349,W,1205,wet,214,4.211,40.619,0.01967757009,2064.228449
S1,349,W,1205,dry,197,6.535,34.211,0.03317258883,1031.30329
S1,349,W,1206,wet,233,5.417,52.488,0.02324892704,2257.652575
S1,349,W,1206,dry,214,5.578,58.305,0.02606542056,2236.871639
S1,349,D,1207,wet,,,,#DIV/0!,#DIV/0!
S1,349,D,1207,dry,200,4.78,53.604,0.0239,2242.845188
S1,349,D,1208,wet,,,,#DIV/0!,#DIV/0!
S1,349,D,1208,dry,211,6.003,47.798,0.02845023697,1680.056305
S1,349,D,1209,wet,220,4.718,42.744,0.02144545455,1993.14964
S1,349,D,1209,dry,217,5.669,58.946,0.02612442396,2256.355971
S1,371,W,1210,wet,182,4.428,32.275,0.02432967033,1326.569557
S1,371,W,1210,dry,,,,#DIV/0!,#DIV/0!
S1,371,W,1211,wet,,,,#DIV/0!,#DIV/0!
S1,371,W,1211,dry,206,5.338,45.143,0.02591262136,1742.124016
S1,371,W,1212,wet,190,4.099,26.253,0.02157368421,1216.899244
S1,371,W,1212,dry,200,4.195,32.431,0.020975,1546.174017
S1,371,D,1213,wet,,,,#DIV/0!,#DIV/0!
S1,371,D,1213,dry,199,6.607,36.709,0.03320100503,1105.659301
S1,371,D,1214,wet,,,,#DIV/0!,#DIV/0!
S1,371,D,1214,dry,,,,#DIV/0!,#DIV/0!
S1,371,D,1215,wet,200,4.753,33.241,0.023765,1398.737639
S1,371,D,1215,dry,,,,#DIV/0!,#DIV/0!
S1,372,W,1216,wet,200,4.527,32.296,0.022635,1426.816877
S1,372,W,1216,dry,,,,#DIV/0!,#DIV/0!
S1,372,W,1217,wet,200,5.199,46.407,0.025995,1785.227928
S1,372,W,1217,dry,197,4.753,26.874,0.02412690355,1113.860299
S1,372,W,1218,wet,,,,#DIV/0!,#DIV/0!
S1,372,W,1218,dry,,,,#DIV/0!,#DIV/0!
S1,372,D,1219,wet,192,4.899,37.377,0.025515625,1464.867116
S1,372,D,1219,dry,217,5.726,42.161,0.02638709677,1597.788509
S1,372,D,1220,wet,,,,#DIV/0!,#DIV/0!
S1,372,D,1220,dry,,,,#DIV/0!,#DIV/0!
S1,372,D,1221,wet,,,,#DIV/0!,#DIV/0!
S1,372,D,1221,dry,,,,#DIV/0!,#DIV/0!
S1,373,W,1222,wet,,,,#DIV/0!,#DIV/0!
S1,373,W,1222,dry,,,,#DIV/0!,#DIV/0!
S1,373,W,1223,wet,,,,#DIV/0!,#DIV/0!
S1,373,W,1223,dry,,,,#DIV/0!,#DIV/0!
S1,373,W,1224,wet,,,,#DIV/0!,#DIV/0!
S1,373,W,1224,dry,212,6.034,48.639,0.02846226415,1708.894266
S1,373,D,1225,wet,,,,#DIV/0!,#DIV/0!
S1,373,D,1225,dry,197,4.3665,34.476,0.02216497462,1555.427001
S1,373,D,1226,wet,,,,#DIV/0!,#DIV/0!
S1,373,D,1226,dry,,,,#DIV/0!,#DIV/0!
S1,373,D,1227,wet,,,,#DIV/0!,#DIV/0!
S1,373,D,1227,dry,,,,#DIV/0!,#DIV/0!
S1,374,W,1228,wet,188,5.386,21.646,0.02864893617,755.5603416
S1,374,W,1228,dry,197,4.637,50.939,0.02353807107,2164.111063
S1,374,W,1229,wet,206,5.008,53.915,0.02431067961,2217.749601
S1,374,W,1229,dry,,,,#DIV/0!,#DIV/0!
S1,374,W,1230,wet,,,,#DIV/0!,#DIV/0!
S1,374,W,1230,dry,,,,#DIV/0!,#DIV/0!
S1,374,D,1231,wet,,,,#DIV/0!,#DIV/0!
S1,374,D,1231,dry,,,,#DIV/0!,#DIV/0!
S1,374,D,1232,wet,200,5.578,54.276,0.02789,1946.073862
S1,374,D,1232,dry,,,,#DIV/0!,#DIV/0!
S1,374,D,1233,wet,,,,#DIV/0!,#DIV/0!
S1,374,D,1233,dry,,,,#DIV/0!,#DIV/0!
S1,375,W,1234,wet,183,4.157,39.952,0.02271584699,1758.772191
S1,375,W,1234,dry,,,,#DIV/0!,#DIV/0!
S1,375,W,1235,wet,,,,#DIV/0!,#DIV/0!
S1,375,W,1235,dry,169,5.511,35.963,0.03260946746,1102.839231
S1,375,W,1236,wet,,,,#DIV/0!,#DIV/0!
S1,375,W,1236,dry,,,,#DIV/0!,#DIV/0!
S1,375,D,1237,wet,,,,#DIV/0!,#DIV/0!
S1,375,D,1237,dry,198,5.231,41.501,0.02641919192,1570.865609
S1,375,D,1238,wet,,,,#DIV/0!,#DIV/0!
S1,375,D,1238,dry,200,5.908,52.546,0.02954,1778.808395
S1,375,D,1239,wet,,,,#DIV/0!,#DIV/0!
S1,375,D,1239,dry,,,,#DIV/0!,#DIV/0!