Generation,Timeline,Parental,PARENT_ID,ID,Treatment,tags,number
S2,1,D,1000,2000,W,2000 _ W,1
S2,1,W,1000,2003,W,2003 _ W,1
S2,1,D,1001,2006,W,2006 _ W,1
S2,1,W,1001,2009,W,2009 _ W,1
S2,1,D,1002,2012,W,2012 _ W,1
S2,1,W,1002,2015,W,2015 _ W,1
S2,1,D,1003,2018,W,2018 _ W,1
S2,1,W,1003,2021,W,2021 _ W,1
S2,1,D,1004,2024,W,2024 _ W,1
S2,1,W,1004,2027,W,2027 _ W,1
S2,1,D,1005,2030,W,2030 _ W,1
S2,1,W,1005,2033,W,2033 _ W,1
S2,3,D,1006,2036,W,2036 _ W,1
S2,3,W,1006,2039,W,2039 _ W,1
S2,3,D,1007,2042,W,2042 _ W,1
S2,3,W,1007,2045,W,2045 _ W,1
S2,3,D,1008,2048,W,2048 _ W,1
S2,3,W,1008,2051,W,2051 _ W,1
S2,3,D,1009,2054,W,2054 _ W,1
S2,3,W,1009,2057,W,2057 _ W,1
S2,3,D,1010,2060,W,2060 _ W,1
S2,3,W,1010,2063,W,2063 _ W,1
S2,3,D,1011,2066,W,2066 _ W,1
S2,3,W,1011,2069,W,2069 _ W,1
S2,4,D,1012,2072,W,2072 _ W,1
S2,4,W,1012,2075,W,2075 _ W,1
S2,4,D,1013,2078,W,2078 _ W,1
S2,4,W,1013,2081,W,2081 _ W,1
S2,4,D,1014,2084,W,2084 _ W,1
S2,4,W,1014,2087,W,2087 _ W,1
S2,4,D,1015,2090,W,2090 _ W,1
S2,4,W,1015,2093,W,2093 _ W,1
S2,4,D,1016,2096,W,2096 _ W,1
S2,4,W,1016,2099,W,2099 _ W,1
S2,4,D,1017,2102,W,2102 _ W,1
S2,4,W,1017,2105,W,2105 _ W,1
S2,6,D,1018,2108,W,2108 _ W,1
S2,6,W,1018,2111,W,2111 _ W,1
S2,6,D,1019,2114,W,2114 _ W,1
S2,6,W,1019,2117,W,2117 _ W,1
S2,6,D,1020,2120,W,2120 _ W,1
S2,6,W,1020,2123,W,2123 _ W,1
S2,6,D,1021,2126,W,2126 _ W,1
S2,6,W,1021,2129,W,2129 _ W,1
S2,6,D,1022,2132,W,2132 _ W,1
S2,6,W,1022,2135,W,2135 _ W,1
S2,6,D,1023,2138,W,2138 _ W,1
S2,6,W,1023,2141,W,2141 _ W,1
S2,7,D,1024,2144,W,2144 _ W,1
S2,7,W,1024,2147,W,2147 _ W,1
S2,7,D,1025,2150,W,2150 _ W,1
S2,7,W,1025,2153,W,2153 _ W,1
S2,7,D,1026,2156,W,2156 _ W,1
S2,7,W,1026,2159,W,2159 _ W,1
S2,7,D,1027,2162,W,2162 _ W,1
S2,7,W,1027,2165,W,2165 _ W,1
S2,7,D,1028,2168,W,2168 _ W,1
S2,7,W,1028,2171,W,2171 _ W,1
S2,7,D,1029,2174,W,2174 _ W,1
S2,7,W,1029,2177,W,2177 _ W,1
S2,28,D,1030,2180,W,2180 _ W,1
S2,28,W,1030,2183,W,2183 _ W,1
S2,28,D,1031,2186,W,2186 _ W,1
S2,28,W,1031,2189,W,2189 _ W,1
S2,28,D,1032,2192,W,2192 _ W,1
S2,28,W,1032,2195,W,2195 _ W,1
S2,28,D,1033,2198,W,2198 _ W,1
S2,28,W,1033,2201,W,2201 _ W,1
S2,28,D,1034,2204,W,2204 _ W,1
S2,28,W,1034,2207,W,2207 _ W,1
S2,28,D,1035,2210,W,2210 _ W,1
S2,28,W,1035,2213,W,2213 _ W,1
S2,29,D,1036,2216,W,2216 _ W,1
S2,29,W,1036,2219,W,2219 _ W,1
S2,29,D,1037,2222,W,2222 _ W,1
S2,29,W,1037,2225,W,2225 _ W,1
S2,29,D,1038,2228,W,2228 _ W,1
S2,29,W,1038,2231,W,2231 _ W,1
S2,29,D,1039,2234,W,2234 _ W,1
S2,29,W,1039,2237,W,2237 _ W,1
S2,29,D,1040,2240,W,2240 _ W,1
S2,29,W,1040,2243,W,2243 _ W,1
S2,29,D,1041,2246,W,2246 _ W,1
S2,29,W,1041,2249,W,2249 _ W,1
S2,32,D,1042,2252,W,2252 _ W,1
S2,32,W,1042,2255,W,2255 _ W,1
S2,32,D,1043,2258,W,2258 _ W,1
S2,32,W,1043,2261,W,2261 _ W,1
S2,32,D,1044,2264,W,2264 _ W,1
S2,32,W,1044,2267,W,2267 _ W,1
S2,32,D,1045,2270,W,2270 _ W,1
S2,32,W,1045,2273,W,2273 _ W,1
S2,32,D,1046,2276,W,2276 _ W,1
S2,32,W,1046,2279,W,2279 _ W,1
S2,32,D,1047,2282,W,2282 _ W,1
S2,32,W,1047,2285,W,2285 _ W,1
S2,35,D,1048,2288,W,2288 _ W,1
S2,35,W,1048,2291,W,2291 _ W,1
S2,35,D,1049,2294,W,2294 _ W,1
S2,35,W,1049,2297,W,2297 _ W,1
S2,35,D,1050,2300,W,2300 _ W,1
S2,35,W,1050,2303,W,2303 _ W,1
S2,35,D,1051,2306,W,2306 _ W,1
S2,35,W,1051,2309,W,2309 _ W,1
S2,35,D,1052,2312,W,2312 _ W,1
S2,35,W,1052,2315,W,2315 _ W,1
S2,35,D,1053,2318,W,2318 _ W,1
S2,35,W,1053,2321,W,2321 _ W,1
S2,37,D,1054,2324,W,2324 _ W,1
S2,37,W,1054,2327,W,2327 _ W,1
S2,37,D,1055,2330,W,2330 _ W,1
S2,37,W,1055,2333,W,2333 _ W,1
S2,37,D,1056,2336,W,2336 _ W,1
S2,37,W,1056,2339,W,2339 _ W,1
S2,37,D,1057,2342,W,2342 _ W,1
S2,37,W,1057,2345,W,2345 _ W,1
S2,37,D,1058,2348,W,2348 _ W,1
S2,37,W,1058,2351,W,2351 _ W,1
S2,37,D,1059,2354,W,2354 _ W,1
S2,37,W,1059,2357,W,2357 _ W,1
S2,38,D,1060,2360,W,2360 _ W,1
S2,38,W,1060,2363,W,2363 _ W,1
S2,38,D,1061,2366,W,2366 _ W,1
S2,38,W,1061,2369,W,2369 _ W,1
S2,38,D,1062,2372,W,2372 _ W,1
S2,38,W,1062,2375,W,2375 _ W,1
S2,38,D,1063,2378,W,2378 _ W,1
S2,38,W,1063,2381,W,2381 _ W,1
S2,38,D,1064,2384,W,2384 _ W,1
S2,38,W,1064,2387,W,2387 _ W,1
S2,38,D,1065,2390,W,2390 _ W,1
S2,38,W,1065,2393,W,2393 _ W,1
S2,39A,D,1066,2396,W,2396 _ W,1
S2,39A,W,1066,2399,W,2399 _ W,1
S2,39A,D,1067,2402,W,2402 _ W,1
S2,39A,W,1067,2405,W,2405 _ W,1
S2,39A,D,1068,2408,W,2408 _ W,1
S2,39A,W,1068,2411,W,2411 _ W,1
S2,39A,D,1069,2414,W,2414 _ W,1
S2,39A,W,1069,2417,W,2417 _ W,1
S2,39A,D,1070,2420,W,2420 _ W,1
S2,39A,W,1070,2423,W,2423 _ W,1
S2,39A,D,1071,2426,W,2426 _ W,1
S2,39A,W,1071,2429,W,2429 _ W,1
S2,39B,D,1072,2432,W,2432 _ W,1
S2,39B,W,1072,2435,W,2435 _ W,1
S2,39B,D,1073,2438,W,2438 _ W,1
S2,39B,W,1073,2441,W,2441 _ W,1
S2,39B,D,1074,2444,W,2444 _ W,1
S2,39B,W,1074,2447,W,2447 _ W,1
S2,39B,D,1075,2450,W,2450 _ W,1
S2,39B,W,1075,2453,W,2453 _ W,1
S2,39B,D,1076,2456,W,2456 _ W,1
S2,39B,W,1076,2459,W,2459 _ W,1
S2,39B,D,1077,2462,W,2462 _ W,1
S2,39B,W,1077,2465,W,2465 _ W,1
S2,40,D,1078,2468,W,2468 _ W,1
S2,40,W,1078,2471,W,2471 _ W,1
S2,40,D,1079,2474,W,2474 _ W,1
S2,40,W,1079,2477,W,2477 _ W,1
S2,40,D,1080,2480,W,2480 _ W,1
S2,40,W,1080,2483,W,2483 _ W,1
S2,40,D,1081,2486,W,2486 _ W,1
S2,40,W,1081,2489,W,2489 _ W,1
S2,40,D,1082,2492,W,2492 _ W,1
S2,40,W,1082,2495,W,2495 _ W,1
S2,40,D,1083,2498,W,2498 _ W,1
S2,40,W,1083,2501,W,2501 _ W,1
S2,41,D,1084,2504,W,2504 _ W,1
S2,41,W,1084,2507,W,2507 _ W,1
S2,41,D,1085,2510,W,2510 _ W,1
S2,41,W,1085,2513,W,2513 _ W,1
S2,41,D,1086,2516,W,2516 _ W,1
S2,41,W,1086,2519,W,2519 _ W,1
S2,41,D,1087,2522,W,2522 _ W,1
S2,41,W,1087,2525,W,2525 _ W,1
S2,41,D,1088,2528,W,2528 _ W,1
S2,41,W,1088,2531,W,2531 _ W,1
S2,41,D,1089,2534,W,2534 _ W,1
S2,41,W,1089,2537,W,2537 _ W,1
S2,49,D,1090,2540,W,2540 _ W,1
S2,49,W,1090,2543,W,2543 _ W,1
S2,49,D,1091,2546,W,2546 _ W,1
S2,49,W,1091,2549,W,2549 _ W,1
S2,49,D,1092,2552,W,2552 _ W,1
S2,49,W,1092,2555,W,2555 _ W,1
S2,49,D,1093,2558,W,2558 _ W,1
S2,49,W,1093,2561,W,2561 _ W,1
S2,49,D,1094,2564,W,2564 _ W,1
S2,49,W,1094,2567,W,2567 _ W,1
S2,49,D,1095,2570,W,2570 _ W,1
S2,49,W,1095,2573,W,2573 _ W,1
S2,51,D,1096,2576,W,2576 _ W,1
S2,51,W,1096,2579,W,2579 _ W,1
S2,51,D,1097,2582,W,2582 _ W,1
S2,51,W,1097,2585,W,2585 _ W,1
S2,51,D,1098,2588,W,2588 _ W,1
S2,51,W,1098,2591,W,2591 _ W,1
S2,51,D,1099,2594,W,2594 _ W,1
S2,51,W,1099,2597,W,2597 _ W,1
S2,51,D,1100,2600,W,2600 _ W,1
S2,51,W,1100,2603,W,2603 _ W,1
S2,51,D,1101,2606,W,2606 _ W,1
S2,51,W,1101,2609,W,2609 _ W,1
S2,52,D,1102,2612,W,2612 _ W,1
S2,52,W,1102,2615,W,2615 _ W,1
S2,52,D,1103,2618,W,2618 _ W,1
S2,52,W,1103,2621,W,2621 _ W,1
S2,52,D,1104,2624,W,2624 _ W,1
S2,52,W,1104,2627,W,2627 _ W,1
S2,52,D,1105,2630,W,2630 _ W,1
S2,52,W,1105,2633,W,2633 _ W,1
S2,52,D,1106,2636,W,2636 _ W,1
S2,52,W,1106,2639,W,2639 _ W,1
S2,52,D,1107,2642,W,2642 _ W,1
S2,52,W,1107,2645,W,2645 _ W,1
S2,54,D,1108,2648,W,2648 _ W,1
S2,54,W,1108,2651,W,2651 _ W,1
S2,54,D,1109,2654,W,2654 _ W,1
S2,54,W,1109,2657,W,2657 _ W,1
S2,54,D,1110,2660,W,2660 _ W,1
S2,54,W,1110,2663,W,2663 _ W,1
S2,54,D,1111,2666,W,2666 _ W,1
S2,54,W,1111,2669,W,2669 _ W,1
S2,54,D,1112,2672,W,2672 _ W,1
S2,54,W,1112,2675,W,2675 _ W,1
S2,54,D,1113,2678,W,2678 _ W,1
S2,54,W,1113,2681,W,2681 _ W,1
S2,57,D,1114,2684,W,2684 _ W,1
S2,57,W,1114,2687,W,2687 _ W,1
S2,57,D,1115,2690,W,2690 _ W,1
S2,57,W,1115,2693,W,2693 _ W,1
S2,57,D,1116,2696,W,2696 _ W,1
S2,57,W,1116,2699,W,2699 _ W,1
S2,57,D,1117,2702,W,2702 _ W,1
S2,57,W,1117,2705,W,2705 _ W,1
S2,57,D,1118,2708,W,2708 _ W,1
S2,57,W,1118,2711,W,2711 _ W,1
S2,57,D,1119,2714,W,2714 _ W,1
S2,57,W,1119,2717,W,2717 _ W,1
S2,148,D,1120,2720,W,2720 _ W,1
S2,148,W,1120,2723,W,2723 _ W,1
S2,148,D,1121,2726,W,2726 _ W,1
S2,148,W,1121,2729,W,2729 _ W,1
S2,148,D,1122,2732,W,2732 _ W,1
S2,148,W,1122,2735,W,2735 _ W,1
S2,148,D,1123,2738,W,2738 _ W,1
S2,148,W,1123,2741,W,2741 _ W,1
S2,148,D,1124,2744,W,2744 _ W,1
S2,148,W,1124,2747,W,2747 _ W,1
S2,148,D,1125,2750,W,2750 _ W,1
S2,148,W,1125,2753,W,2753 _ W,1
S2,152,D,1126,2756,W,2756 _ W,1
S2,152,W,1126,2759,W,2759 _ W,1
S2,152,D,1127,2762,W,2762 _ W,1
S2,152,W,1127,2765,W,2765 _ W,1
S2,152,D,1128,2768,W,2768 _ W,1
S2,152,W,1128,2771,W,2771 _ W,1
S2,152,D,1129,2774,W,2774 _ W,1
S2,152,W,1129,2777,W,2777 _ W,1
S2,152,D,1130,2780,W,2780 _ W,1
S2,152,W,1130,2783,W,2783 _ W,1
S2,152,D,1131,2786,W,2786 _ W,1
S2,152,W,1131,2789,W,2789 _ W,1
S2,153,D,1132,2792,W,2792 _ W,1
S2,153,W,1132,2795,W,2795 _ W,1
S2,153,D,1133,2798,W,2798 _ W,1
S2,153,W,1133,2801,W,2801 _ W,1
S2,153,D,1134,2804,W,2804 _ W,1
S2,153,W,1134,2807,W,2807 _ W,1
S2,153,D,1135,2810,W,2810 _ W,1
S2,153,W,1135,2813,W,2813 _ W,1
S2,153,D,1136,2816,W,2816 _ W,1
S2,153,W,1136,2819,W,2819 _ W,1
S2,153,D,1137,2822,W,2822 _ W,1
S2,153,W,1137,2825,W,2825 _ W,1
S2,154,D,1138,2828,W,2828 _ W,1
S2,154,W,1138,2831,W,2831 _ W,1
S2,154,D,1139,2834,W,2834 _ W,1
S2,154,W,1139,2837,W,2837 _ W,1
S2,154,D,1140,2840,W,2840 _ W,1
S2,154,W,1140,2843,W,2843 _ W,1
S2,154,D,1141,2846,W,2846 _ W,1
S2,154,W,1141,2849,W,2849 _ W,1
S2,154,D,1142,2852,W,2852 _ W,1
S2,154,W,1142,2855,W,2855 _ W,1
S2,154,D,1143,2858,W,2858 _ W,1
S2,154,W,1143,2861,W,2861 _ W,1
S2,155,D,1144,2864,W,2864 _ W,1
S2,155,W,1144,2867,W,2867 _ W,1
S2,155,D,1145,2870,W,2870 _ W,1
S2,155,W,1145,2873,W,2873 _ W,1
S2,155,D,1146,2876,W,2876 _ W,1
S2,155,W,1146,2879,W,2879 _ W,1
S2,155,D,1147,2882,W,2882 _ W,1
S2,155,W,1147,2885,W,2885 _ W,1
S2,155,D,1148,2888,W,2888 _ W,1
S2,155,W,1148,2891,W,2891 _ W,1
S2,155,D,1149,2894,W,2894 _ W,1
S2,155,W,1149,2897,W,2897 _ W,1
S2,164,D,1150,2900,W,2900 _ W,1
S2,164,W,1150,2903,W,2903 _ W,1
S2,164,D,1151,2906,W,2906 _ W,1
S2,164,W,1151,2909,W,2909 _ W,1
S2,164,D,1152,2912,W,2912 _ W,1
S2,164,W,1152,2915,W,2915 _ W,1
S2,164,D,1153,2918,W,2918 _ W,1
S2,164,W,1153,2921,W,2921 _ W,1
S2,164,D,1154,2924,W,2924 _ W,1
S2,164,W,1154,2927,W,2927 _ W,1
S2,164,D,1155,2930,W,2930 _ W,1
S2,164,W,1155,2933,W,2933 _ W,1
S2,166,D,1156,2936,W,2936 _ W,1
S2,166,W,1156,2939,W,2939 _ W,1
S2,166,D,1157,2942,W,2942 _ W,1
S2,166,W,1157,2945,W,2945 _ W,1
S2,166,D,1158,2948,W,2948 _ W,1
S2,166,W,1158,2951,W,2951 _ W,1
S2,166,D,1159,2954,W,2954 _ W,1
S2,166,W,1159,2957,W,2957 _ W,1
S2,166,D,1160,2960,W,2960 _ W,1
S2,166,W,1160,2963,W,2963 _ W,1
S2,166,D,1161,2966,W,2966 _ W,1
S2,166,W,1161,2969,W,2969 _ W,1
S2,167,D,1162,2972,W,2972 _ W,1
S2,167,W,1162,2975,W,2975 _ W,1
S2,167,D,1163,2978,W,2978 _ W,1
S2,167,W,1163,2981,W,2981 _ W,1
S2,167,D,1164,2984,W,2984 _ W,1
S2,167,W,1164,2987,W,2987 _ W,1
S2,167,D,1165,2990,W,2990 _ W,1
S2,167,W,1165,2993,W,2993 _ W,1
S2,167,D,1166,2996,W,2996 _ W,1
S2,167,W,1166,2999,W,2999 _ W,1
S2,167,D,1167,3002,W,3002 _ W,1
S2,167,W,1167,3005,W,3005 _ W,1
S2,170,D,1168,3008,W,3008 _ W,1
S2,170,W,1168,3011,W,3011 _ W,1
S2,170,D,1169,3014,W,3014 _ W,1
S2,170,W,1169,3017,W,3017 _ W,1
S2,170,D,1170,3020,W,3020 _ W,1
S2,170,W,1170,3023,W,3023 _ W,1
S2,170,D,1171,3026,W,3026 _ W,1
S2,170,W,1171,3029,W,3029 _ W,1
S2,170,D,1172,3032,W,3032 _ W,1
S2,170,W,1172,3035,W,3035 _ W,1
S2,170,D,1173,3038,W,3038 _ W,1
S2,170,W,1173,3041,W,3041 _ W,1
S2,172,D,1174,3044,W,3044 _ W,1
S2,172,W,1174,3047,W,3047 _ W,1
S2,172,D,1175,3050,W,3050 _ W,1
S2,172,W,1175,3053,W,3053 _ W,1
S2,172,D,1176,3056,W,3056 _ W,1
S2,172,W,1176,3059,W,3059 _ W,1
S2,172,D,1177,3062,W,3062 _ W,1
S2,172,W,1177,3065,W,3065 _ W,1
S2,172,D,1178,3068,W,3068 _ W,1
S2,172,W,1178,3071,W,3071 _ W,1
S2,172,D,1179,3074,W,3074 _ W,1
S2,172,W,1179,3077,W,3077 _ W,1
S2,342,D,1180,3080,W,3080 _ W,1
S2,342,W,1180,3083,W,3083 _ W,1
S2,342,D,1181,3086,W,3086 _ W,1
S2,342,W,1181,3089,W,3089 _ W,1
S2,342,D,1182,3092,W,3092 _ W,1
S2,342,W,1182,3095,W,3095 _ W,1
S2,342,D,1183,3098,W,3098 _ W,1
S2,342,W,1183,3101,W,3101 _ W,1
S2,342,D,1184,3104,W,3104 _ W,1
S2,342,W,1184,3107,W,3107 _ W,1
S2,342,D,1185,3110,W,3110 _ W,1
S2,342,W,1185,3113,W,3113 _ W,1
S2,343,D,1186,3116,W,3116 _ W,1
S2,343,W,1186,3119,W,3119 _ W,1
S2,343,D,1187,3122,W,3122 _ W,1
S2,343,W,1187,3125,W,3125 _ W,1
S2,343,D,1188,3128,W,3128 _ W,1
S2,343,W,1188,3131,W,3131 _ W,1
S2,343,D,1189,3134,W,3134 _ W,1
S2,343,W,1189,3137,W,3137 _ W,1
S2,343,D,1190,3140,W,3140 _ W,1
S2,343,W,1190,3143,W,3143 _ W,1
S2,343,D,1191,3146,W,3146 _ W,1
S2,343,W,1191,3149,W,3149 _ W,1
S2,344,D,1192,3152,W,3152 _ W,1
S2,344,W,1192,3155,W,3155 _ W,1
S2,344,D,1193,3158,W,3158 _ W,1
S2,344,W,1193,3161,W,3161 _ W,1
S2,344,D,1194,3164,W,3164 _ W,1
S2,344,W,1194,3167,W,3167 _ W,1
S2,344,D,1195,3170,W,3170 _ W,1
S2,344,W,1195,3173,W,3173 _ W,1
S2,344,D,1196,3176,W,3176 _ W,1
S2,344,W,1196,3179,W,3179 _ W,1
S2,344,D,1197,3182,W,3182 _ W,1
S2,344,W,1197,3185,W,3185 _ W,1
S2,345,D,1198,3188,W,3188 _ W,1
S2,345,W,1198,3191,W,3191 _ W,1
S2,345,D,1199,3194,W,3194 _ W,1
S2,345,W,1199,3197,W,3197 _ W,1
S2,345,D,1200,3200,W,3200 _ W,1
S2,345,W,1200,3203,W,3203 _ W,1
S2,345,D,1201,3206,W,3206 _ W,1
S2,345,W,1201,3209,W,3209 _ W,1
S2,345,D,1202,3212,W,3212 _ W,1
S2,345,W,1202,3215,W,3215 _ W,1
S2,345,D,1203,3218,W,3218 _ W,1
S2,345,W,1203,3221,W,3221 _ W,1
S2,349,D,1204,3224,W,3224 _ W,1
S2,349,W,1204,3227,W,3227 _ W,1
S2,349,D,1205,3230,W,3230 _ W,1
S2,349,W,1205,3233,W,3233 _ W,1
S2,349,D,1206,3236,W,3236 _ W,1
S2,349,W,1206,3239,W,3239 _ W,1
S2,349,D,1207,3242,W,3242 _ W,1
S2,349,W,1207,3245,W,3245 _ W,1
S2,349,D,1208,3248,W,3248 _ W,1
S2,349,W,1208,3251,W,3251 _ W,1
S2,349,D,1209,3254,W,3254 _ W,1
S2,349,W,1209,3257,W,3257 _ W,1
S2,371,D,1210,3260,W,3260 _ W,1
S2,371,W,1210,3263,W,3263 _ W,1
S2,371,D,1211,3266,W,3266 _ W,1
S2,371,W,1211,3269,W,3269 _ W,1
S2,371,D,1212,3272,W,3272 _ W,1
S2,371,W,1212,3275,W,3275 _ W,1
S2,371,D,1213,3278,W,3278 _ W,1
S2,371,W,1213,3281,W,3281 _ W,1
S2,371,D,1214,3284,W,3284 _ W,1
S2,371,W,1214,3287,W,3287 _ W,1
S2,371,D,1215,3290,W,3290 _ W,1
S2,371,W,1215,3293,W,3293 _ W,1
S2,372,D,1216,3296,W,3296 _ W,1
S2,372,W,1216,3299,W,3299 _ W,1
S2,372,D,1217,3302,W,3302 _ W,1
S2,372,W,1217,3305,W,3305 _ W,1
S2,372,D,1218,3308,W,3308 _ W,1
S2,372,W,1218,3311,W,3311 _ W,1
S2,372,D,1219,3314,W,3314 _ W,1
S2,372,W,1219,3317,W,3317 _ W,1
S2,372,D,1220,3320,W,3320 _ W,1
S2,372,W,1220,3323,W,3323 _ W,1
S2,372,D,1221,3326,W,3326 _ W,1
S2,372,W,1221,3329,W,3329 _ W,1
S2,373,D,1222,3332,W,3332 _ W,1
S2,373,W,1222,3335,W,3335 _ W,1
S2,373,D,1223,3338,W,3338 _ W,1
S2,373,W,1223,3341,W,3341 _ W,1
S2,373,D,1224,3344,W,3344 _ W,1
S2,373,W,1224,3347,W,3347 _ W,1
S2,373,D,1225,3350,W,3350 _ W,1
S2,373,W,1225,3353,W,3353 _ W,1
S2,373,D,1226,3356,W,3356 _ W,1
S2,373,W,1226,3359,W,3359 _ W,1
S2,373,D,1227,3362,W,3362 _ W,1
S2,373,W,1227,3365,W,3365 _ W,1
S2,374,D,1228,3368,W,3368 _ W,1
S2,374,W,1228,3371,W,3371 _ W,1
S2,374,D,1229,3374,W,3374 _ W,1
S2,374,W,1229,3377,W,3377 _ W,1
S2,374,D,1230,3380,W,3380 _ W,1
S2,374,W,1230,3383,W,3383 _ W,1
S2,374,D,1231,3386,W,3386 _ W,1
S2,374,W,1231,3389,W,3389 _ W,1
S2,374,D,1232,3392,W,3392 _ W,1
S2,374,W,1232,3395,W,3395 _ W,1
S2,374,D,1233,3398,W,3398 _ W,1
S2,374,W,1233,3401,W,3401 _ W,1
S2,375,D,1234,3404,W,3404 _ W,1
S2,375,W,1234,3407,W,3407 _ W,1
S2,375,D,1235,3410,W,3410 _ W,1
S2,375,W,1235,3413,W,3413 _ W,1
S2,375,D,1236,3416,W,3416 _ W,1
S2,375,W,1236,3419,W,3419 _ W,1
S2,375,D,1237,3422,W,3422 _ W,1
S2,375,W,1237,3425,W,3425 _ W,1
S2,375,D,1238,3428,W,3428 _ W,1
S2,375,W,1238,3431,W,3431 _ W,1
S2,375,D,1239,3434,W,3434 _ W,1
S2,375,W,1239,3437,W,3437 _ W,1
S2,1,D,1000,2000,D,2000 _ D,1
S2,1,W,1000,2003,D,2003 _ D,1
S2,1,D,1001,2006,D,2006 _ D,1
S2,1,W,1001,2009,D,2009 _ D,1
S2,1,D,1002,2012,D,2012 _ D,1
S2,1,W,1002,2015,D,2015 _ D,1
S2,1,D,1003,2018,D,2018 _ D,1
S2,1,W,1003,2021,D,2021 _ D,1
S2,1,D,1004,2024,D,2024 _ D,1
S2,1,W,1004,2027,D,2027 _ D,1
S2,1,D,1005,2030,D,2030 _ D,1
S2,1,W,1005,2033,D,2033 _ D,1
S2,3,D,1006,2036,D,2036 _ D,1
S2,3,W,1006,2039,D,2039 _ D,1
S2,3,D,1007,2042,D,2042 _ D,1
S2,3,W,1007,2045,D,2045 _ D,1
S2,3,D,1008,2048,D,2048 _ D,1
S2,3,W,1008,2051,D,2051 _ D,1
S2,3,D,1009,2054,D,2054 _ D,1
S2,3,W,1009,2057,D,2057 _ D,1
S2,3,D,1010,2060,D,2060 _ D,1
S2,3,W,1010,2063,D,2063 _ D,1
S2,3,D,1011,2066,D,2066 _ D,1
S2,3,W,1011,2069,D,2069 _ D,1
S2,4,D,1012,2072,D,2072 _ D,1
S2,4,W,1012,2075,D,2075 _ D,1
S2,4,D,1013,2078,D,2078 _ D,1
S2,4,W,1013,2081,D,2081 _ D,1
S2,4,D,1014,2084,D,2084 _ D,1
S2,4,W,1014,2087,D,2087 _ D,1
S2,4,D,1015,2090,D,2090 _ D,1
S2,4,W,1015,2093,D,2093 _ D,1
S2,4,D,1016,2096,D,2096 _ D,1
S2,4,W,1016,2099,D,2099 _ D,1
S2,4,D,1017,2102,D,2102 _ D,1
S2,4,W,1017,2105,D,2105 _ D,1
S2,6,D,1018,2108,D,2108 _ D,1
S2,6,W,1018,2111,D,2111 _ D,1
S2,6,D,1019,2114,D,2114 _ D,1
S2,6,W,1019,2117,D,2117 _ D,1
S2,6,D,1020,2120,D,2120 _ D,1
S2,6,W,1020,2123,D,2123 _ D,1
S2,6,D,1021,2126,D,2126 _ D,1
S2,6,W,1021,2129,D,2129 _ D,1
S2,6,D,1022,2132,D,2132 _ D,1
S2,6,W,1022,2135,D,2135 _ D,1
S2,6,D,1023,2138,D,2138 _ D,1
S2,6,W,1023,2141,D,2141 _ D,1
S2,7,D,1024,2144,D,2144 _ D,1
S2,7,W,1024,2147,D,2147 _ D,1
S2,7,D,1025,2150,D,2150 _ D,1
S2,7,W,1025,2153,D,2153 _ D,1
S2,7,D,1026,2156,D,2156 _ D,1
S2,7,W,1026,2159,D,2159 _ D,1
S2,7,D,1027,2162,D,2162 _ D,1
S2,7,W,1027,2165,D,2165 _ D,1
S2,7,D,1028,2168,D,2168 _ D,1
S2,7,W,1028,2171,D,2171 _ D,1
S2,7,D,1029,2174,D,2174 _ D,1
S2,7,W,1029,2177,D,2177 _ D,1
S2,28,D,1030,2180,D,2180 _ D,1
S2,28,W,1030,2183,D,2183 _ D,1
S2,28,D,1031,2186,D,2186 _ D,1
S2,28,W,1031,2189,D,2189 _ D,1
S2,28,D,1032,2192,D,2192 _ D,1
S2,28,W,1032,2195,D,2195 _ D,1
S2,28,D,1033,2198,D,2198 _ D,1
S2,28,W,1033,2201,D,2201 _ D,1
S2,28,D,1034,2204,D,2204 _ D,1
S2,28,W,1034,2207,D,2207 _ D,1
S2,28,D,1035,2210,D,2210 _ D,1
S2,28,W,1035,2213,D,2213 _ D,1
S2,29,D,1036,2216,D,2216 _ D,1
S2,29,W,1036,2219,D,2219 _ D,1
S2,29,D,1037,2222,D,2222 _ D,1
S2,29,W,1037,2225,D,2225 _ D,1
S2,29,D,1038,2228,D,2228 _ D,1
S2,29,W,1038,2231,D,2231 _ D,1
S2,29,D,1039,2234,D,2234 _ D,1
S2,29,W,1039,2237,D,2237 _ D,1
S2,29,D,1040,2240,D,2240 _ D,1
S2,29,W,1040,2243,D,2243 _ D,1
S2,29,D,1041,2246,D,2246 _ D,1
S2,29,W,1041,2249,D,2249 _ D,1
S2,32,D,1042,2252,D,2252 _ D,1
S2,32,W,1042,2255,D,2255 _ D,1
S2,32,D,1043,2258,D,2258 _ D,1
S2,32,W,1043,2261,D,2261 _ D,1
S2,32,D,1044,2264,D,2264 _ D,1
S2,32,W,1044,2267,D,2267 _ D,1
S2,32,D,1045,2270,D,2270 _ D,1
S2,32,W,1045,2273,D,2273 _ D,1
S2,32,D,1046,2276,D,2276 _ D,1
S2,32,W,1046,2279,D,2279 _ D,1
S2,32,D,1047,2282,D,2282 _ D,1
S2,32,W,1047,2285,D,2285 _ D,1
S2,35,D,1048,2288,D,2288 _ D,1
S2,35,W,1048,2291,D,2291 _ D,1
S2,35,D,1049,2294,D,2294 _ D,1
S2,35,W,1049,2297,D,2297 _ D,1
S2,35,D,1050,2300,D,2300 _ D,1
S2,35,W,1050,2303,D,2303 _ D,1
S2,35,D,1051,2306,D,2306 _ D,1
S2,35,W,1051,2309,D,2309 _ D,1
S2,35,D,1052,2312,D,2312 _ D,1
S2,35,W,1052,2315,D,2315 _ D,1
S2,35,D,1053,2318,D,2318 _ D,1
S2,35,W,1053,2321,D,2321 _ D,1
S2,37,D,1054,2324,D,2324 _ D,1
S2,37,W,1054,2327,D,2327 _ D,1
S2,37,D,1055,2330,D,2330 _ D,1
S2,37,W,1055,2333,D,2333 _ D,1
S2,37,D,1056,2336,D,2336 _ D,1
S2,37,W,1056,2339,D,2339 _ D,1
S2,37,D,1057,2342,D,2342 _ D,1
S2,37,W,1057,2345,D,2345 _ D,1
S2,37,D,1058,2348,D,2348 _ D,1
S2,37,W,1058,2351,D,2351 _ D,1
S2,37,D,1059,2354,D,2354 _ D,1
S2,37,W,1059,2357,D,2357 _ D,1
S2,38,D,1060,2360,D,2360 _ D,1
S2,38,W,1060,2363,D,2363 _ D,1
S2,38,D,1061,2366,D,2366 _ D,1
S2,38,W,1061,2369,D,2369 _ D,1
S2,38,D,1062,2372,D,2372 _ D,1
S2,38,W,1062,2375,D,2375 _ D,1
S2,38,D,1063,2378,D,2378 _ D,1
S2,38,W,1063,2381,D,2381 _ D,1
S2,38,D,1064,2384,D,2384 _ D,1
S2,38,W,1064,2387,D,2387 _ D,1
S2,38,D,1065,2390,D,2390 _ D,1
S2,38,W,1065,2393,D,2393 _ D,1
S2,39A,D,1066,2396,D,2396 _ D,1
S2,39A,W,1066,2399,D,2399 _ D,1
S2,39A,D,1067,2402,D,2402 _ D,1
S2,39A,W,1067,2405,D,2405 _ D,1
S2,39A,D,1068,2408,D,2408 _ D,1
S2,39A,W,1068,2411,D,2411 _ D,1
S2,39A,D,1069,2414,D,2414 _ D,1
S2,39A,W,1069,2417,D,2417 _ D,1
S2,39A,D,1070,2420,D,2420 _ D,1
S2,39A,W,1070,2423,D,2423 _ D,1
S2,39A,D,1071,2426,D,2426 _ D,1
S2,39A,W,1071,2429,D,2429 _ D,1
S2,39B,D,1072,2432,D,2432 _ D,1
S2,39B,W,1072,2435,D,2435 _ D,1
S2,39B,D,1073,2438,D,2438 _ D,1
S2,39B,W,1073,2441,D,2441 _ D,1
S2,39B,D,1074,2444,D,2444 _ D,1
S2,39B,W,1074,2447,D,2447 _ D,1
S2,39B,D,1075,2450,D,2450 _ D,1
S2,39B,W,1075,2453,D,2453 _ D,1
S2,39B,D,1076,2456,D,2456 _ D,1
S2,39B,W,1076,2459,D,2459 _ D,1
S2,39B,D,1077,2462,D,2462 _ D,1
S2,39B,W,1077,2465,D,2465 _ D,1
S2,40,D,1078,2468,D,2468 _ D,1
S2,40,W,1078,2471,D,2471 _ D,1
S2,40,D,1079,2474,D,2474 _ D,1
S2,40,W,1079,2477,D,2477 _ D,1
S2,40,D,1080,2480,D,2480 _ D,1
S2,40,W,1080,2483,D,2483 _ D,1
S2,40,D,1081,2486,D,2486 _ D,1
S2,40,W,1081,2489,D,2489 _ D,1
S2,40,D,1082,2492,D,2492 _ D,1
S2,40,W,1082,2495,D,2495 _ D,1
S2,40,D,1083,2498,D,2498 _ D,1
S2,40,W,1083,2501,D,2501 _ D,1
S2,41,D,1084,2504,D,2504 _ D,1
S2,41,W,1084,2507,D,2507 _ D,1
S2,41,D,1085,2510,D,2510 _ D,1
S2,41,W,1085,2513,D,2513 _ D,1
S2,41,D,1086,2516,D,2516 _ D,1
S2,41,W,1086,2519,D,2519 _ D,1
S2,41,D,1087,2522,D,2522 _ D,1
S2,41,W,1087,2525,D,2525 _ D,1
S2,41,D,1088,2528,D,2528 _ D,1
S2,41,W,1088,2531,D,2531 _ D,1
S2,41,D,1089,2534,D,2534 _ D,1
S2,41,W,1089,2537,D,2537 _ D,1
S2,49,D,1090,2540,D,2540 _ D,1
S2,49,W,1090,2543,D,2543 _ D,1
S2,49,D,1091,2546,D,2546 _ D,1
S2,49,W,1091,2549,D,2549 _ D,1
S2,49,D,1092,2552,D,2552 _ D,1
S2,49,W,1092,2555,D,2555 _ D,1
S2,49,D,1093,2558,D,2558 _ D,1
S2,49,W,1093,2561,D,2561 _ D,1
S2,49,D,1094,2564,D,2564 _ D,1
S2,49,W,1094,2567,D,2567 _ D,1
S2,49,D,1095,2570,D,2570 _ D,1
S2,49,W,1095,2573,D,2573 _ D,1
S2,51,D,1096,2576,D,2576 _ D,1
S2,51,W,1096,2579,D,2579 _ D,1
S2,51,D,1097,2582,D,2582 _ D,1
S2,51,W,1097,2585,D,2585 _ D,1
S2,51,D,1098,2588,D,2588 _ D,1
S2,51,W,1098,2591,D,2591 _ D,1
S2,51,D,1099,2594,D,2594 _ D,1
S2,51,W,1099,2597,D,2597 _ D,1
S2,51,D,1100,2600,D,2600 _ D,1
S2,51,W,1100,2603,D,2603 _ D,1
S2,51,D,1101,2606,D,2606 _ D,1
S2,51,W,1101,2609,D,2609 _ D,1
S2,52,D,1102,2612,D,2612 _ D,1
S2,52,W,1102,2615,D,2615 _ D,1
S2,52,D,1103,2618,D,2618 _ D,1
S2,52,W,1103,2621,D,2621 _ D,1
S2,52,D,1104,2624,D,2624 _ D,1
S2,52,W,1104,2627,D,2627 _ D,1
S2,52,D,1105,2630,D,2630 _ D,1
S2,52,W,1105,2633,D,2633 _ D,1
S2,52,D,1106,2636,D,2636 _ D,1
S2,52,W,1106,2639,D,2639 _ D,1
S2,52,D,1107,2642,D,2642 _ D,1
S2,52,W,1107,2645,D,2645 _ D,1
S2,54,D,1108,2648,D,2648 _ D,1
S2,54,W,1108,2651,D,2651 _ D,1
S2,54,D,1109,2654,D,2654 _ D,1
S2,54,W,1109,2657,D,2657 _ D,1
S2,54,D,1110,2660,D,2660 _ D,1
S2,54,W,1110,2663,D,2663 _ D,1
S2,54,D,1111,2666,D,2666 _ D,1
S2,54,W,1111,2669,D,2669 _ D,1
S2,54,D,1112,2672,D,2672 _ D,1
S2,54,W,1112,2675,D,2675 _ D,1
S2,54,D,1113,2678,D,2678 _ D,1
S2,54,W,1113,2681,D,2681 _ D,1
S2,57,D,1114,2684,D,2684 _ D,1
S2,57,W,1114,2687,D,2687 _ D,1
S2,57,D,1115,2690,D,2690 _ D,1
S2,57,W,1115,2693,D,2693 _ D,1
S2,57,D,1116,2696,D,2696 _ D,1
S2,57,W,1116,2699,D,2699 _ D,1
S2,57,D,1117,2702,D,2702 _ D,1
S2,57,W,1117,2705,D,2705 _ D,1
S2,57,D,1118,2708,D,2708 _ D,1
S2,57,W,1118,2711,D,2711 _ D,1
S2,57,D,1119,2714,D,2714 _ D,1
S2,57,W,1119,2717,D,2717 _ D,1
S2,148,D,1120,2720,D,2720 _ D,1
S2,148,W,1120,2723,D,2723 _ D,1
S2,148,D,1121,2726,D,2726 _ D,1
S2,148,W,1121,2729,D,2729 _ D,1
S2,148,D,1122,2732,D,2732 _ D,1
S2,148,W,1122,2735,D,2735 _ D,1
S2,148,D,1123,2738,D,2738 _ D,1
S2,148,W,1123,2741,D,2741 _ D,1
S2,148,D,1124,2744,D,2744 _ D,1
S2,148,W,1124,2747,D,2747 _ D,1
S2,148,D,1125,2750,D,2750 _ D,1
S2,148,W,1125,2753,D,2753 _ D,1
S2,152,D,1126,2756,D,2756 _ D,1
S2,152,W,1126,2759,D,2759 _ D,1
S2,152,D,1127,2762,D,2762 _ D,1
S2,152,W,1127,2765,D,2765 _ D,1
S2,152,D,1128,2768,D,2768 _ D,1
S2,152,W,1128,2771,D,2771 _ D,1
S2,152,D,1129,2774,D,2774 _ D,1
S2,152,W,1129,2777,D,2777 _ D,1
S2,152,D,1130,2780,D,2780 _ D,1
S2,152,W,1130,2783,D,2783 _ D,1
S2,152,D,1131,2786,D,2786 _ D,1
S2,152,W,1131,2789,D,2789 _ D,1
S2,153,D,1132,2792,D,2792 _ D,1
S2,153,W,1132,2795,D,2795 _ D,1
S2,153,D,1133,2798,D,2798 _ D,1
S2,153,W,1133,2801,D,2801 _ D,1
S2,153,D,1134,2804,D,2804 _ D,1
S2,153,W,1134,2807,D,2807 _ D,1
S2,153,D,1135,2810,D,2810 _ D,1
S2,153,W,1135,2813,D,2813 _ D,1
S2,153,D,1136,2816,D,2816 _ D,1
S2,153,W,1136,2819,D,2819 _ D,1
S2,153,D,1137,2822,D,2822 _ D,1
S2,153,W,1137,2825,D,2825 _ D,1
S2,154,D,1138,2828,D,2828 _ D,1
S2,154,W,1138,2831,D,2831 _ D,1
S2,154,D,1139,2834,D,2834 _ D,1
S2,154,W,1139,2837,D,2837 _ D,1
S2,154,D,1140,2840,D,2840 _ D,1
S2,154,W,1140,2843,D,2843 _ D,1
S2,154,D,1141,2846,D,2846 _ D,1
S2,154,W,1141,2849,D,2849 _ D,1
S2,154,D,1142,2852,D,2852 _ D,1
S2,154,W,1142,2855,D,2855 _ D,1
S2,154,D,1143,2858,D,2858 _ D,1
S2,154,W,1143,2861,D,2861 _ D,1
S2,155,D,1144,2864,D,2864 _ D,1
S2,155,W,1144,2867,D,2867 _ D,1
S2,155,D,1145,2870,D,2870 _ D,1
S2,155,W,1145,2873,D,2873 _ D,1
S2,155,D,1146,2876,D,2876 _ D,1
S2,155,W,1146,2879,D,2879 _ D,1
S2,155,D,1147,2882,D,2882 _ D,1
S2,155,W,1147,2885,D,2885 _ D,1
S2,155,D,1148,2888,D,2888 _ D,1
S2,155,W,1148,2891,D,2891 _ D,1
S2,155,D,1149,2894,D,2894 _ D,1
S2,155,W,1149,2897,D,2897 _ D,1
S2,164,D,1150,2900,D,2900 _ D,1
S2,164,W,1150,2903,D,2903 _ D,1
S2,164,D,1151,2906,D,2906 _ D,1
S2,164,W,1151,2909,D,2909 _ D,1
S2,164,D,1152,2912,D,2912 _ D,1
S2,164,W,1152,2915,D,2915 _ D,1
S2,164,D,1153,2918,D,2918 _ D,1
S2,164,W,1153,2921,D,2921 _ D,1
S2,164,D,1154,2924,D,2924 _ D,1
S2,164,W,1154,2927,D,2927 _ D,1
S2,164,D,1155,2930,D,2930 _ D,1
S2,164,W,1155,2933,D,2933 _ D,1
S2,166,D,1156,2936,D,2936 _ D,1
S2,166,W,1156,2939,D,2939 _ D,1
S2,166,D,1157,2942,D,2942 _ D,1
S2,166,W,1157,2945,D,2945 _ D,1
S2,166,D,1158,2948,D,2948 _ D,1
S2,166,W,1158,2951,D,2951 _ D,1
S2,166,D,1159,2954,D,2954 _ D,1
S2,166,W,1159,2957,D,2957 _ D,1
S2,166,D,1160,2960,D,2960 _ D,1
S2,166,W,1160,2963,D,2963 _ D,1
S2,166,D,1161,2966,D,2966 _ D,1
S2,166,W,1161,2969,D,2969 _ D,1
S2,167,D,1162,2972,D,2972 _ D,1
S2,167,W,1162,2975,D,2975 _ D,1
S2,167,D,1163,2978,D,2978 _ D,1
S2,167,W,1163,2981,D,2981 _ D,1
S2,167,D,1164,2984,D,2984 _ D,1
S2,167,W,1164,2987,D,2987 _ D,1
S2,167,D,1165,2990,D,2990 _ D,1
S2,167,W,1165,2993,D,2993 _ D,1
S2,167,D,1166,2996,D,2996 _ D,1
S2,167,W,1166,2999,D,2999 _ D,1
S2,167,D,1167,3002,D,3002 _ D,1
S2,167,W,1167,3005,D,3005 _ D,1
S2,170,D,1168,3008,D,3008 _ D,1
S2,170,W,1168,3011,D,3011 _ D,1
S2,170,D,1169,3014,D,3014 _ D,1
S2,170,W,1169,3017,D,3017 _ D,1
S2,170,D,1170,3020,D,3020 _ D,1
S2,170,W,1170,3023,D,3023 _ D,1
S2,170,D,1171,3026,D,3026 _ D,1
S2,170,W,1171,3029,D,3029 _ D,1
S2,170,D,1172,3032,D,3032 _ D,1
S2,170,W,1172,3035,D,3035 _ D,1
S2,170,D,1173,3038,D,3038 _ D,1
S2,170,W,1173,3041,D,3041 _ D,1
S2,172,D,1174,3044,D,3044 _ D,1
S2,172,W,1174,3047,D,3047 _ D,1
S2,172,D,1175,3050,D,3050 _ D,1
S2,172,W,1175,3053,D,3053 _ D,1
S2,172,D,1176,3056,D,3056 _ D,1
S2,172,W,1176,3059,D,3059 _ D,1
S2,172,D,1177,3062,D,3062 _ D,1
S2,172,W,1177,3065,D,3065 _ D,1
S2,172,D,1178,3068,D,3068 _ D,1
S2,172,W,1178,3071,D,3071 _ D,1
S2,172,D,1179,3074,D,3074 _ D,1
S2,172,W,1179,3077,D,3077 _ D,1
S2,342,D,1180,3080,D,3080 _ D,1
S2,342,W,1180,3083,D,3083 _ D,1
S2,342,D,1181,3086,D,3086 _ D,1
S2,342,W,1181,3089,D,3089 _ D,1
S2,342,D,1182,3092,D,3092 _ D,1
S2,342,W,1182,3095,D,3095 _ D,1
S2,342,D,1183,3098,D,3098 _ D,1
S2,342,W,1183,3101,D,3101 _ D,1
S2,342,D,1184,3104,D,3104 _ D,1
S2,342,W,1184,3107,D,3107 _ D,1
S2,342,D,1185,3110,D,3110 _ D,1
S2,342,W,1185,3113,D,3113 _ D,1
S2,343,D,1186,3116,D,3116 _ D,1
S2,343,W,1186,3119,D,3119 _ D,1
S2,343,D,1187,3122,D,3122 _ D,1
S2,343,W,1187,3125,D,3125 _ D,1
S2,343,D,1188,3128,D,3128 _ D,1
S2,343,W,1188,3131,D,3131 _ D,1
S2,343,D,1189,3134,D,3134 _ D,1
S2,343,W,1189,3137,D,3137 _ D,1
S2,343,D,1190,3140,D,3140 _ D,1
S2,343,W,1190,3143,D,3143 _ D,1
S2,343,D,1191,3146,D,3146 _ D,1
S2,343,W,1191,3149,D,3149 _ D,1
S2,344,D,1192,3152,D,3152 _ D,1
S2,344,W,1192,3155,D,3155 _ D,1
S2,344,D,1193,3158,D,3158 _ D,1
S2,344,W,1193,3161,D,3161 _ D,1
S2,344,D,1194,3164,D,3164 _ D,1
S2,344,W,1194,3167,D,3167 _ D,1
S2,344,D,1195,3170,D,3170 _ D,1
S2,344,W,1195,3173,D,3173 _ D,1
S2,344,D,1196,3176,D,3176 _ D,1
S2,344,W,1196,3179,D,3179 _ D,1
S2,344,D,1197,3182,D,3182 _ D,1
S2,344,W,1197,3185,D,3185 _ D,1
S2,345,D,1198,3188,D,3188 _ D,1
S2,345,W,1198,3191,D,3191 _ D,1
S2,345,D,1199,3194,D,3194 _ D,1
S2,345,W,1199,3197,D,3197 _ D,1
S2,345,D,1200,3200,D,3200 _ D,1
S2,345,W,1200,3203,D,3203 _ D,1
S2,345,D,1201,3206,D,3206 _ D,1
S2,345,W,1201,3209,D,3209 _ D,1
S2,345,D,1202,3212,D,3212 _ D,1
S2,345,W,1202,3215,D,3215 _ D,1
S2,345,D,1203,3218,D,3218 _ D,1
S2,345,W,1203,3221,D,3221 _ D,1
S2,349,D,1204,3224,D,3224 _ D,1
S2,349,W,1204,3227,D,3227 _ D,1
S2,349,D,1205,3230,D,3230 _ D,1
S2,349,W,1205,3233,D,3233 _ D,1
S2,349,D,1206,3236,D,3236 _ D,1
S2,349,W,1206,3239,D,3239 _ D,1
S2,349,D,1207,3242,D,3242 _ D,1
S2,349,W,1207,3245,D,3245 _ D,1
S2,349,D,1208,3248,D,3248 _ D,1
S2,349,W,1208,3251,D,3251 _ D,1
S2,349,D,1209,3254,D,3254 _ D,1
S2,349,W,1209,3257,D,3257 _ D,1
S2,371,D,1210,3260,D,3260 _ D,1
S2,371,W,1210,3263,D,3263 _ D,1
S2,371,D,1211,3266,D,3266 _ D,1
S2,371,W,1211,3269,D,3269 _ D,1
S2,371,D,1212,3272,D,3272 _ D,1
S2,371,W,1212,3275,D,3275 _ D,1
S2,371,D,1213,3278,D,3278 _ D,1
S2,371,W,1213,3281,D,3281 _ D,1
S2,371,D,1214,3284,D,3284 _ D,1
S2,371,W,1214,3287,D,3287 _ D,1
S2,371,D,1215,3290,D,3290 _ D,1
S2,371,W,1215,3293,D,3293 _ D,1
S2,372,D,1216,3296,D,3296 _ D,1
S2,372,W,1216,3299,D,3299 _ D,1
S2,372,D,1217,3302,D,3302 _ D,1
S2,372,W,1217,3305,D,3305 _ D,1
S2,372,D,1218,3308,D,3308 _ D,1
S2,372,W,1218,3311,D,3311 _ D,1
S2,372,D,1219,3314,D,3314 _ D,1
S2,372,W,1219,3317,D,3317 _ D,1
S2,372,D,1220,3320,D,3320 _ D,1
S2,372,W,1220,3323,D,3323 _ D,1
S2,372,D,1221,3326,D,3326 _ D,1
S2,372,W,1221,3329,D,3329 _ D,1
S2,373,D,1222,3332,D,3332 _ D,1
S2,373,W,1222,3335,D,3335 _ D,1
S2,373,D,1223,3338,D,3338 _ D,1
S2,373,W,1223,3341,D,3341 _ D,1
S2,373,D,1224,3344,D,3344 _ D,1
S2,373,W,1224,3347,D,3347 _ D,1
S2,373,D,1225,3350,D,3350 _ D,1
S2,373,W,1225,3353,D,3353 _ D,1
S2,373,D,1226,3356,D,3356 _ D,1
S2,373,W,1226,3359,D,3359 _ D,1
S2,373,D,1227,3362,D,3362 _ D,1
S2,373,W,1227,3365,D,3365 _ D,1
S2,374,D,1228,3368,D,3368 _ D,1
S2,374,W,1228,3371,D,3371 _ D,1
S2,374,D,1229,3374,D,3374 _ D,1
S2,374,W,1229,3377,D,3377 _ D,1
S2,374,D,1230,3380,D,3380 _ D,1
S2,374,W,1230,3383,D,3383 _ D,1
S2,374,D,1231,3386,D,3386 _ D,1
S2,374,W,1231,3389,D,3389 _ D,1
S2,374,D,1232,3392,D,3392 _ D,1
S2,374,W,1232,3395,D,3395 _ D,1
S2,374,D,1233,3398,D,3398 _ D,1
S2,374,W,1233,3401,D,3401 _ D,1
S2,375,D,1234,3404,D,3404 _ D,1
S2,375,W,1234,3407,D,3407 _ D,1
S2,375,D,1235,3410,D,3410 _ D,1
S2,375,W,1235,3413,D,3413 _ D,1
S2,375,D,1236,3416,D,3416 _ D,1
S2,375,W,1236,3419,D,3419 _ D,1
S2,375,D,1237,3422,D,3422 _ D,1
S2,375,W,1237,3425,D,3425 _ D,1
S2,375,D,1238,3428,D,3428 _ D,1
S2,375,W,1238,3431,D,3431 _ D,1
S2,375,D,1239,3434,D,3434 _ D,1
S2,375,W,1239,3437,D,3437 _ D,1
S2,1,D,1000,2001,W,2001 _ W,2
S2,1,W,1000,2004,W,2004 _ W,2
S2,1,D,1001,2007,W,2007 _ W,2
S2,1,W,1001,2010,W,2010 _ W,2
S2,1,D,1002,2013,W,2013 _ W,2
S2,1,W,1002,2016,W,2016 _ W,2
S2,1,D,1003,2019,W,2019 _ W,2
S2,1,W,1003,2022,W,2022 _ W,2
S2,1,D,1004,2025,W,2025 _ W,2
S2,1,W,1004,2028,W,2028 _ W,2
S2,1,D,1005,2031,W,2031 _ W,2
S2,1,W,1005,2034,W,2034 _ W,2
S2,3,D,1006,2037,W,2037 _ W,2
S2,3,W,1006,2040,W,2040 _ W,2
S2,3,D,1007,2043,W,2043 _ W,2
S2,3,W,1007,2046,W,2046 _ W,2
S2,3,D,1008,2049,W,2049 _ W,2
S2,3,W,1008,2052,W,2052 _ W,2
S2,3,D,1009,2055,W,2055 _ W,2
S2,3,W,1009,2058,W,2058 _ W,2
S2,3,D,1010,2061,W,2061 _ W,2
S2,3,W,1010,2064,W,2064 _ W,2
S2,3,D,1011,2067,W,2067 _ W,2
S2,3,W,1011,2070,W,2070 _ W,2
S2,4,D,1012,2073,W,2073 _ W,2
S2,4,W,1012,2076,W,2076 _ W,2
S2,4,D,1013,2079,W,2079 _ W,2
S2,4,W,1013,2082,W,2082 _ W,2
S2,4,D,1014,2085,W,2085 _ W,2
S2,4,W,1014,2088,W,2088 _ W,2
S2,4,D,1015,2091,W,2091 _ W,2
S2,4,W,1015,2094,W,2094 _ W,2
S2,4,D,1016,2097,W,2097 _ W,2
S2,4,W,1016,2100,W,2100 _ W,2
S2,4,D,1017,2103,W,2103 _ W,2
S2,4,W,1017,2106,W,2106 _ W,2
S2,6,D,1018,2109,W,2109 _ W,2
S2,6,W,1018,2112,W,2112 _ W,2
S2,6,D,1019,2115,W,2115 _ W,2
S2,6,W,1019,2118,W,2118 _ W,2
S2,6,D,1020,2121,W,2121 _ W,2
S2,6,W,1020,2124,W,2124 _ W,2
S2,6,D,1021,2127,W,2127 _ W,2
S2,6,W,1021,2130,W,2130 _ W,2
S2,6,D,1022,2133,W,2133 _ W,2
S2,6,W,1022,2136,W,2136 _ W,2
S2,6,D,1023,2139,W,2139 _ W,2
S2,6,W,1023,2142,W,2142 _ W,2
S2,7,D,1024,2145,W,2145 _ W,2
S2,7,W,1024,2148,W,2148 _ W,2
S2,7,D,1025,2151,W,2151 _ W,2
S2,7,W,1025,2154,W,2154 _ W,2
S2,7,D,1026,2157,W,2157 _ W,2
S2,7,W,1026,2160,W,2160 _ W,2
S2,7,D,1027,2163,W,2163 _ W,2
S2,7,W,1027,2166,W,2166 _ W,2
S2,7,D,1028,2169,W,2169 _ W,2
S2,7,W,1028,2172,W,2172 _ W,2
S2,7,D,1029,2175,W,2175 _ W,2
S2,7,W,1029,2178,W,2178 _ W,2
S2,28,D,1030,2181,W,2181 _ W,2
S2,28,W,1030,2184,W,2184 _ W,2
S2,28,D,1031,2187,W,2187 _ W,2
S2,28,W,1031,2190,W,2190 _ W,2
S2,28,D,1032,2193,W,2193 _ W,2
S2,28,W,1032,2196,W,2196 _ W,2
S2,28,D,1033,2199,W,2199 _ W,2
S2,28,W,1033,2202,W,2202 _ W,2
S2,28,D,1034,2205,W,2205 _ W,2
S2,28,W,1034,2208,W,2208 _ W,2
S2,28,D,1035,2211,W,2211 _ W,2
S2,28,W,1035,2214,W,2214 _ W,2
S2,29,D,1036,2217,W,2217 _ W,2
S2,29,W,1036,2220,W,2220 _ W,2
S2,29,D,1037,2223,W,2223 _ W,2
S2,29,W,1037,2226,W,2226 _ W,2
S2,29,D,1038,2229,W,2229 _ W,2
S2,29,W,1038,2232,W,2232 _ W,2
S2,29,D,1039,2235,W,2235 _ W,2
S2,29,W,1039,2238,W,2238 _ W,2
S2,29,D,1040,2241,W,2241 _ W,2
S2,29,W,1040,2244,W,2244 _ W,2
S2,29,D,1041,2247,W,2247 _ W,2
S2,29,W,1041,2250,W,2250 _ W,2
S2,32,D,1042,2253,W,2253 _ W,2
S2,32,W,1042,2256,W,2256 _ W,2
S2,32,D,1043,2259,W,2259 _ W,2
S2,32,W,1043,2262,W,2262 _ W,2
S2,32,D,1044,2265,W,2265 _ W,2
S2,32,W,1044,2268,W,2268 _ W,2
S2,32,D,1045,2271,W,2271 _ W,2
S2,32,W,1045,2274,W,2274 _ W,2
S2,32,D,1046,2277,W,2277 _ W,2
S2,32,W,1046,2280,W,2280 _ W,2
S2,32,D,1047,2283,W,2283 _ W,2
S2,32,W,1047,2286,W,2286 _ W,2
S2,35,D,1048,2289,W,2289 _ W,2
S2,35,W,1048,2292,W,2292 _ W,2
S2,35,D,1049,2295,W,2295 _ W,2
S2,35,W,1049,2298,W,2298 _ W,2
S2,35,D,1050,2301,W,2301 _ W,2
S2,35,W,1050,2304,W,2304 _ W,2
S2,35,D,1051,2307,W,2307 _ W,2
S2,35,W,1051,2310,W,2310 _ W,2
S2,35,D,1052,2313,W,2313 _ W,2
S2,35,W,1052,2316,W,2316 _ W,2
S2,35,D,1053,2319,W,2319 _ W,2
S2,35,W,1053,2322,W,2322 _ W,2
S2,37,D,1054,2325,W,2325 _ W,2
S2,37,W,1054,2328,W,2328 _ W,2
S2,37,D,1055,2331,W,2331 _ W,2
S2,37,W,1055,2334,W,2334 _ W,2
S2,37,D,1056,2337,W,2337 _ W,2
S2,37,W,1056,2340,W,2340 _ W,2
S2,37,D,1057,2343,W,2343 _ W,2
S2,37,W,1057,2346,W,2346 _ W,2
S2,37,D,1058,2349,W,2349 _ W,2
S2,37,W,1058,2352,W,2352 _ W,2
S2,37,D,1059,2355,W,2355 _ W,2
S2,37,W,1059,2358,W,2358 _ W,2
S2,38,D,1060,2361,W,2361 _ W,2
S2,38,W,1060,2364,W,2364 _ W,2
S2,38,D,1061,2367,W,2367 _ W,2
S2,38,W,1061,2370,W,2370 _ W,2
S2,38,D,1062,2373,W,2373 _ W,2
S2,38,W,1062,2376,W,2376 _ W,2
S2,38,D,1063,2379,W,2379 _ W,2
S2,38,W,1063,2382,W,2382 _ W,2
S2,38,D,1064,2385,W,2385 _ W,2
S2,38,W,1064,2388,W,2388 _ W,2
S2,38,D,1065,2391,W,2391 _ W,2
S2,38,W,1065,2394,W,2394 _ W,2
S2,39A,D,1066,2397,W,2397 _ W,2
S2,39A,W,1066,2400,W,2400 _ W,2
S2,39A,D,1067,2403,W,2403 _ W,2
S2,39A,W,1067,2406,W,2406 _ W,2
S2,39A,D,1068,2409,W,2409 _ W,2
S2,39A,W,1068,2412,W,2412 _ W,2
S2,39A,D,1069,2415,W,2415 _ W,2
S2,39A,W,1069,2418,W,2418 _ W,2
S2,39A,D,1070,2421,W,2421 _ W,2
S2,39A,W,1070,2424,W,2424 _ W,2
S2,39A,D,1071,2427,W,2427 _ W,2
S2,39A,W,1071,2430,W,2430 _ W,2
S2,39B,D,1072,2433,W,2433 _ W,2
S2,39B,W,1072,2436,W,2436 _ W,2
S2,39B,D,1073,2439,W,2439 _ W,2
S2,39B,W,1073,2442,W,2442 _ W,2
S2,39B,D,1074,2445,W,2445 _ W,2
S2,39B,W,1074,2448,W,2448 _ W,2
S2,39B,D,1075,2451,W,2451 _ W,2
S2,39B,W,1075,2454,W,2454 _ W,2
S2,39B,D,1076,2457,W,2457 _ W,2
S2,39B,W,1076,2460,W,2460 _ W,2
S2,39B,D,1077,2463,W,2463 _ W,2
S2,39B,W,1077,2466,W,2466 _ W,2
S2,40,D,1078,2469,W,2469 _ W,2
S2,40,W,1078,2472,W,2472 _ W,2
S2,40,D,1079,2475,W,2475 _ W,2
S2,40,W,1079,2478,W,2478 _ W,2
S2,40,D,1080,2481,W,2481 _ W,2
S2,40,W,1080,2484,W,2484 _ W,2
S2,40,D,1081,2487,W,2487 _ W,2
S2,40,W,1081,2490,W,2490 _ W,2
S2,40,D,1082,2493,W,2493 _ W,2
S2,40,W,1082,2496,W,2496 _ W,2
S2,40,D,1083,2499,W,2499 _ W,2
S2,40,W,1083,2502,W,2502 _ W,2
S2,41,D,1084,2505,W,2505 _ W,2
S2,41,W,1084,2508,W,2508 _ W,2
S2,41,D,1085,2511,W,2511 _ W,2
S2,41,W,1085,2514,W,2514 _ W,2
S2,41,D,1086,2517,W,2517 _ W,2
S2,41,W,1086,2520,W,2520 _ W,2
S2,41,D,1087,2523,W,2523 _ W,2
S2,41,W,1087,2526,W,2526 _ W,2
S2,41,D,1088,2529,W,2529 _ W,2
S2,41,W,1088,2532,W,2532 _ W,2
S2,41,D,1089,2535,W,2535 _ W,2
S2,41,W,1089,2538,W,2538 _ W,2
S2,49,D,1090,2541,W,2541 _ W,2
S2,49,W,1090,2544,W,2544 _ W,2
S2,49,D,1091,2547,W,2547 _ W,2
S2,49,W,1091,2550,W,2550 _ W,2
S2,49,D,1092,2553,W,2553 _ W,2
S2,49,W,1092,2556,W,2556 _ W,2
S2,49,D,1093,2559,W,2559 _ W,2
S2,49,W,1093,2562,W,2562 _ W,2
S2,49,D,1094,2565,W,2565 _ W,2
S2,49,W,1094,2568,W,2568 _ W,2
S2,49,D,1095,2571,W,2571 _ W,2
S2,49,W,1095,2574,W,2574 _ W,2
S2,51,D,1096,2577,W,2577 _ W,2
S2,51,W,1096,2580,W,2580 _ W,2
S2,51,D,1097,2583,W,2583 _ W,2
S2,51,W,1097,2586,W,2586 _ W,2
S2,51,D,1098,2589,W,2589 _ W,2
S2,51,W,1098,2592,W,2592 _ W,2
S2,51,D,1099,2595,W,2595 _ W,2
S2,51,W,1099,2598,W,2598 _ W,2
S2,51,D,1100,2601,W,2601 _ W,2
S2,51,W,1100,2604,W,2604 _ W,2
S2,51,D,1101,2607,W,2607 _ W,2
S2,51,W,1101,2610,W,2610 _ W,2
S2,52,D,1102,2613,W,2613 _ W,2
S2,52,W,1102,2616,W,2616 _ W,2
S2,52,D,1103,2619,W,2619 _ W,2
S2,52,W,1103,2622,W,2622 _ W,2
S2,52,D,1104,2625,W,2625 _ W,2
S2,52,W,1104,2628,W,2628 _ W,2
S2,52,D,1105,2631,W,2631 _ W,2
S2,52,W,1105,2634,W,2634 _ W,2
S2,52,D,1106,2637,W,2637 _ W,2
S2,52,W,1106,2640,W,2640 _ W,2
S2,52,D,1107,2643,W,2643 _ W,2
S2,52,W,1107,2646,W,2646 _ W,2
S2,54,D,1108,2649,W,2649 _ W,2
S2,54,W,1108,2652,W,2652 _ W,2
S2,54,D,1109,2655,W,2655 _ W,2
S2,54,W,1109,2658,W,2658 _ W,2
S2,54,D,1110,2661,W,2661 _ W,2
S2,54,W,1110,2664,W,2664 _ W,2
S2,54,D,1111,2667,W,2667 _ W,2
S2,54,W,1111,2670,W,2670 _ W,2
S2,54,D,1112,2673,W,2673 _ W,2
S2,54,W,1112,2676,W,2676 _ W,2
S2,54,D,1113,2679,W,2679 _ W,2
S2,54,W,1113,2682,W,2682 _ W,2
S2,57,D,1114,2685,W,2685 _ W,2
S2,57,W,1114,2688,W,2688 _ W,2
S2,57,D,1115,2691,W,2691 _ W,2
S2,57,W,1115,2694,W,2694 _ W,2
S2,57,D,1116,2697,W,2697 _ W,2
S2,57,W,1116,2700,W,2700 _ W,2
S2,57,D,1117,2703,W,2703 _ W,2
S2,57,W,1117,2706,W,2706 _ W,2
S2,57,D,1118,2709,W,2709 _ W,2
S2,57,W,1118,2712,W,2712 _ W,2
S2,57,D,1119,2715,W,2715 _ W,2
S2,57,W,1119,2718,W,2718 _ W,2
S2,148,D,1120,2721,W,2721 _ W,2
S2,148,W,1120,2724,W,2724 _ W,2
S2,148,D,1121,2727,W,2727 _ W,2
S2,148,W,1121,2730,W,2730 _ W,2
S2,148,D,1122,2733,W,2733 _ W,2
S2,148,W,1122,2736,W,2736 _ W,2
S2,148,D,1123,2739,W,2739 _ W,2
S2,148,W,1123,2742,W,2742 _ W,2
S2,148,D,1124,2745,W,2745 _ W,2
S2,148,W,1124,2748,W,2748 _ W,2
S2,148,D,1125,2751,W,2751 _ W,2
S2,148,W,1125,2754,W,2754 _ W,2
S2,152,D,1126,2757,W,2757 _ W,2
S2,152,W,1126,2760,W,2760 _ W,2
S2,152,D,1127,2763,W,2763 _ W,2
S2,152,W,1127,2766,W,2766 _ W,2
S2,152,D,1128,2769,W,2769 _ W,2
S2,152,W,1128,2772,W,2772 _ W,2
S2,152,D,1129,2775,W,2775 _ W,2
S2,152,W,1129,2778,W,2778 _ W,2
S2,152,D,1130,2781,W,2781 _ W,2
S2,152,W,1130,2784,W,2784 _ W,2
S2,152,D,1131,2787,W,2787 _ W,2
S2,152,W,1131,2790,W,2790 _ W,2
S2,153,D,1132,2793,W,2793 _ W,2
S2,153,W,1132,2796,W,2796 _ W,2
S2,153,D,1133,2799,W,2799 _ W,2
S2,153,W,1133,2802,W,2802 _ W,2
S2,153,D,1134,2805,W,2805 _ W,2
S2,153,W,1134,2808,W,2808 _ W,2
S2,153,D,1135,2811,W,2811 _ W,2
S2,153,W,1135,2814,W,2814 _ W,2
S2,153,D,1136,2817,W,2817 _ W,2
S2,153,W,1136,2820,W,2820 _ W,2
S2,153,D,1137,2823,W,2823 _ W,2
S2,153,W,1137,2826,W,2826 _ W,2
S2,154,D,1138,2829,W,2829 _ W,2
S2,154,W,1138,2832,W,2832 _ W,2
S2,154,D,1139,2835,W,2835 _ W,2
S2,154,W,1139,2838,W,2838 _ W,2
S2,154,D,1140,2841,W,2841 _ W,2
S2,154,W,1140,2844,W,2844 _ W,2
S2,154,D,1141,2847,W,2847 _ W,2
S2,154,W,1141,2850,W,2850 _ W,2
S2,154,D,1142,2853,W,2853 _ W,2
S2,154,W,1142,2856,W,2856 _ W,2
S2,154,D,1143,2859,W,2859 _ W,2
S2,154,W,1143,2862,W,2862 _ W,2
S2,155,D,1144,2865,W,2865 _ W,2
S2,155,W,1144,2868,W,2868 _ W,2
S2,155,D,1145,2871,W,2871 _ W,2
S2,155,W,1145,2874,W,2874 _ W,2
S2,155,D,1146,2877,W,2877 _ W,2
S2,155,W,1146,2880,W,2880 _ W,2
S2,155,D,1147,2883,W,2883 _ W,2
S2,155,W,1147,2886,W,2886 _ W,2
S2,155,D,1148,2889,W,2889 _ W,2
S2,155,W,1148,2892,W,2892 _ W,2
S2,155,D,1149,2895,W,2895 _ W,2
S2,155,W,1149,2898,W,2898 _ W,2
S2,164,D,1150,2901,W,2901 _ W,2
S2,164,W,1150,2904,W,2904 _ W,2
S2,164,D,1151,2907,W,2907 _ W,2
S2,164,W,1151,2910,W,2910 _ W,2
S2,164,D,1152,2913,W,2913 _ W,2
S2,164,W,1152,2916,W,2916 _ W,2
S2,164,D,1153,2919,W,2919 _ W,2
S2,164,W,1153,2922,W,2922 _ W,2
S2,164,D,1154,2925,W,2925 _ W,2
S2,164,W,1154,2928,W,2928 _ W,2
S2,164,D,1155,2931,W,2931 _ W,2
S2,164,W,1155,2934,W,2934 _ W,2
S2,166,D,1156,2937,W,2937 _ W,2
S2,166,W,1156,2940,W,2940 _ W,2
S2,166,D,1157,2943,W,2943 _ W,2
S2,166,W,1157,2946,W,2946 _ W,2
S2,166,D,1158,2949,W,2949 _ W,2
S2,166,W,1158,2952,W,2952 _ W,2
S2,166,D,1159,2955,W,2955 _ W,2
S2,166,W,1159,2958,W,2958 _ W,2
S2,166,D,1160,2961,W,2961 _ W,2
S2,166,W,1160,2964,W,2964 _ W,2
S2,166,D,1161,2967,W,2967 _ W,2
S2,166,W,1161,2970,W,2970 _ W,2
S2,167,D,1162,2973,W,2973 _ W,2
S2,167,W,1162,2976,W,2976 _ W,2
S2,167,D,1163,2979,W,2979 _ W,2
S2,167,W,1163,2982,W,2982 _ W,2
S2,167,D,1164,2985,W,2985 _ W,2
S2,167,W,1164,2988,W,2988 _ W,2
S2,167,D,1165,2991,W,2991 _ W,2
S2,167,W,1165,2994,W,2994 _ W,2
S2,167,D,1166,2997,W,2997 _ W,2
S2,167,W,1166,3000,W,3000 _ W,2
S2,167,D,1167,3003,W,3003 _ W,2
S2,167,W,1167,3006,W,3006 _ W,2
S2,170,D,1168,3009,W,3009 _ W,2
S2,170,W,1168,3012,W,3012 _ W,2
S2,170,D,1169,3015,W,3015 _ W,2
S2,170,W,1169,3018,W,3018 _ W,2
S2,170,D,1170,3021,W,3021 _ W,2
S2,170,W,1170,3024,W,3024 _ W,2
S2,170,D,1171,3027,W,3027 _ W,2
S2,170,W,1171,3030,W,3030 _ W,2
S2,170,D,1172,3033,W,3033 _ W,2
S2,170,W,1172,3036,W,3036 _ W,2
S2,170,D,1173,3039,W,3039 _ W,2
S2,170,W,1173,3042,W,3042 _ W,2
S2,172,D,1174,3045,W,3045 _ W,2
S2,172,W,1174,3048,W,3048 _ W,2
S2,172,D,1175,3051,W,3051 _ W,2
S2,172,W,1175,3054,W,3054 _ W,2
S2,172,D,1176,3057,W,3057 _ W,2
S2,172,W,1176,3060,W,3060 _ W,2
S2,172,D,1177,3063,W,3063 _ W,2
S2,172,W,1177,3066,W,3066 _ W,2
S2,172,D,1178,3069,W,3069 _ W,2
S2,172,W,1178,3072,W,3072 _ W,2
S2,172,D,1179,3075,W,3075 _ W,2
S2,172,W,1179,3078,W,3078 _ W,2
S2,342,D,1180,3081,W,3081 _ W,2
S2,342,W,1180,3084,W,3084 _ W,2
S2,342,D,1181,3087,W,3087 _ W,2
S2,342,W,1181,3090,W,3090 _ W,2
S2,342,D,1182,3093,W,3093 _ W,2
S2,342,W,1182,3096,W,3096 _ W,2
S2,342,D,1183,3099,W,3099 _ W,2
S2,342,W,1183,3102,W,3102 _ W,2
S2,342,D,1184,3105,W,3105 _ W,2
S2,342,W,1184,3108,W,3108 _ W,2
S2,342,D,1185,3111,W,3111 _ W,2
S2,342,W,1185,3114,W,3114 _ W,2
S2,343,D,1186,3117,W,3117 _ W,2
S2,343,W,1186,3120,W,3120 _ W,2
S2,343,D,1187,3123,W,3123 _ W,2
S2,343,W,1187,3126,W,3126 _ W,2
S2,343,D,1188,3129,W,3129 _ W,2
S2,343,W,1188,3132,W,3132 _ W,2
S2,343,D,1189,3135,W,3135 _ W,2
S2,343,W,1189,3138,W,3138 _ W,2
S2,343,D,1190,3141,W,3141 _ W,2
S2,343,W,1190,3144,W,3144 _ W,2
S2,343,D,1191,3147,W,3147 _ W,2
S2,343,W,1191,3150,W,3150 _ W,2
S2,344,D,1192,3153,W,3153 _ W,2
S2,344,W,1192,3156,W,3156 _ W,2
S2,344,D,1193,3159,W,3159 _ W,2
S2,344,W,1193,3162,W,3162 _ W,2
S2,344,D,1194,3165,W,3165 _ W,2
S2,344,W,1194,3168,W,3168 _ W,2
S2,344,D,1195,3171,W,3171 _ W,2
S2,344,W,1195,3174,W,3174 _ W,2
S2,344,D,1196,3177,W,3177 _ W,2
S2,344,W,1196,3180,W,3180 _ W,2
S2,344,D,1197,3183,W,3183 _ W,2
S2,344,W,1197,3186,W,3186 _ W,2
S2,345,D,1198,3189,W,3189 _ W,2
S2,345,W,1198,3192,W,3192 _ W,2
S2,345,D,1199,3195,W,3195 _ W,2
S2,345,W,1199,3198,W,3198 _ W,2
S2,345,D,1200,3201,W,3201 _ W,2
S2,345,W,1200,3204,W,3204 _ W,2
S2,345,D,1201,3207,W,3207 _ W,2
S2,345,W,1201,3210,W,3210 _ W,2
S2,345,D,1202,3213,W,3213 _ W,2
S2,345,W,1202,3216,W,3216 _ W,2
S2,345,D,1203,3219,W,3219 _ W,2
S2,345,W,1203,3222,W,3222 _ W,2
S2,349,D,1204,3225,W,3225 _ W,2
S2,349,W,1204,3228,W,3228 _ W,2
S2,349,D,1205,3231,W,3231 _ W,2
S2,349,W,1205,3234,W,3234 _ W,2
S2,349,D,1206,3237,W,3237 _ W,2
S2,349,W,1206,3240,W,3240 _ W,2
S2,349,D,1207,3243,W,3243 _ W,2
S2,349,W,1207,3246,W,3246 _ W,2
S2,349,D,1208,3249,W,3249 _ W,2
S2,349,W,1208,3252,W,3252 _ W,2
S2,349,D,1209,3255,W,3255 _ W,2
S2,349,W,1209,3258,W,3258 _ W,2
S2,371,D,1210,3261,W,3261 _ W,2
S2,371,W,1210,3264,W,3264 _ W,2
S2,371,D,1211,3267,W,3267 _ W,2
S2,371,W,1211,3270,W,3270 _ W,2
S2,371,D,1212,3273,W,3273 _ W,2
S2,371,W,1212,3276,W,3276 _ W,2
S2,371,D,1213,3279,W,3279 _ W,2
S2,371,W,1213,3282,W,3282 _ W,2
S2,371,D,1214,3285,W,3285 _ W,2
S2,371,W,1214,3288,W,3288 _ W,2
S2,371,D,1215,3291,W,3291 _ W,2
S2,371,W,1215,3294,W,3294 _ W,2
S2,372,D,1216,3297,W,3297 _ W,2
S2,372,W,1216,3300,W,3300 _ W,2
S2,372,D,1217,3303,W,3303 _ W,2
S2,372,W,1217,3306,W,3306 _ W,2
S2,372,D,1218,3309,W,3309 _ W,2
S2,372,W,1218,3312,W,3312 _ W,2
S2,372,D,1219,3315,W,3315 _ W,2
S2,372,W,1219,3318,W,3318 _ W,2
S2,372,D,1220,3321,W,3321 _ W,2
S2,372,W,1220,3324,W,3324 _ W,2
S2,372,D,1221,3327,W,3327 _ W,2
S2,372,W,1221,3330,W,3330 _ W,2
S2,373,D,1222,3333,W,3333 _ W,2
S2,373,W,1222,3336,W,3336 _ W,2
S2,373,D,1223,3339,W,3339 _ W,2
S2,373,W,1223,3342,W,3342 _ W,2
S2,373,D,1224,3345,W,3345 _ W,2
S2,373,W,1224,3348,W,3348 _ W,2
S2,373,D,1225,3351,W,3351 _ W,2
S2,373,W,1225,3354,W,3354 _ W,2
S2,373,D,1226,3357,W,3357 _ W,2
S2,373,W,1226,3360,W,3360 _ W,2
S2,373,D,1227,3363,W,3363 _ W,2
S2,373,W,1227,3366,W,3366 _ W,2
S2,374,D,1228,3369,W,3369 _ W,2
S2,374,W,1228,3372,W,3372 _ W,2
S2,374,D,1229,3375,W,3375 _ W,2
S2,374,W,1229,3378,W,3378 _ W,2
S2,374,D,1230,3381,W,3381 _ W,2
S2,374,W,1230,3384,W,3384 _ W,2
S2,374,D,1231,3387,W,3387 _ W,2
S2,374,W,1231,3390,W,3390 _ W,2
S2,374,D,1232,3393,W,3393 _ W,2
S2,374,W,1232,3396,W,3396 _ W,2
S2,374,D,1233,3399,W,3399 _ W,2
S2,374,W,1233,3402,W,3402 _ W,2
S2,375,D,1234,3405,W,3405 _ W,2
S2,375,W,1234,3408,W,3408 _ W,2
S2,375,D,1235,3411,W,3411 _ W,2
S2,375,W,1235,3414,W,3414 _ W,2
S2,375,D,1236,3417,W,3417 _ W,2
S2,375,W,1236,3420,W,3420 _ W,2
S2,375,D,1237,3423,W,3423 _ W,2
S2,375,W,1237,3426,W,3426 _ W,2
S2,375,D,1238,3429,W,3429 _ W,2
S2,375,W,1238,3432,W,3432 _ W,2
S2,375,D,1239,3435,W,3435 _ W,2
S2,375,W,1239,3438,W,3438 _ W,2
S2,1,D,1000,2001,D,2001 _ D,2
S2,1,W,1000,2004,D,2004 _ D,2
S2,1,D,1001,2007,D,2007 _ D,2
S2,1,W,1001,2010,D,2010 _ D,2
S2,1,D,1002,2013,D,2013 _ D,2
S2,1,W,1002,2016,D,2016 _ D,2
S2,1,D,1003,2019,D,2019 _ D,2
S2,1,W,1003,2022,D,2022 _ D,2
S2,1,D,1004,2025,D,2025 _ D,2
S2,1,W,1004,2028,D,2028 _ D,2
S2,1,D,1005,2031,D,2031 _ D,2
S2,1,W,1005,2034,D,2034 _ D,2
S2,3,D,1006,2037,D,2037 _ D,2
S2,3,W,1006,2040,D,2040 _ D,2
S2,3,D,1007,2043,D,2043 _ D,2
S2,3,W,1007,2046,D,2046 _ D,2
S2,3,D,1008,2049,D,2049 _ D,2
S2,3,W,1008,2052,D,2052 _ D,2
S2,3,D,1009,2055,D,2055 _ D,2
S2,3,W,1009,2058,D,2058 _ D,2
S2,3,D,1010,2061,D,2061 _ D,2
S2,3,W,1010,2064,D,2064 _ D,2
S2,3,D,1011,2067,D,2067 _ D,2
S2,3,W,1011,2070,D,2070 _ D,2
S2,4,D,1012,2073,D,2073 _ D,2
S2,4,W,1012,2076,D,2076 _ D,2
S2,4,D,1013,2079,D,2079 _ D,2
S2,4,W,1013,2082,D,2082 _ D,2
S2,4,D,1014,2085,D,2085 _ D,2
S2,4,W,1014,2088,D,2088 _ D,2
S2,4,D,1015,2091,D,2091 _ D,2
S2,4,W,1015,2094,D,2094 _ D,2
S2,4,D,1016,2097,D,2097 _ D,2
S2,4,W,1016,2100,D,2100 _ D,2
S2,4,D,1017,2103,D,2103 _ D,2
S2,4,W,1017,2106,D,2106 _ D,2
S2,6,D,1018,2109,D,2109 _ D,2
S2,6,W,1018,2112,D,2112 _ D,2
S2,6,D,1019,2115,D,2115 _ D,2
S2,6,W,1019,2118,D,2118 _ D,2
S2,6,D,1020,2121,D,2121 _ D,2
S2,6,W,1020,2124,D,2124 _ D,2
S2,6,D,1021,2127,D,2127 _ D,2
S2,6,W,1021,2130,D,2130 _ D,2
S2,6,D,1022,2133,D,2133 _ D,2
S2,6,W,1022,2136,D,2136 _ D,2
S2,6,D,1023,2139,D,2139 _ D,2
S2,6,W,1023,2142,D,2142 _ D,2
S2,7,D,1024,2145,D,2145 _ D,2
S2,7,W,1024,2148,D,2148 _ D,2
S2,7,D,1025,2151,D,2151 _ D,2
S2,7,W,1025,2154,D,2154 _ D,2
S2,7,D,1026,2157,D,2157 _ D,2
S2,7,W,1026,2160,D,2160 _ D,2
S2,7,D,1027,2163,D,2163 _ D,2
S2,7,W,1027,2166,D,2166 _ D,2
S2,7,D,1028,2169,D,2169 _ D,2
S2,7,W,1028,2172,D,2172 _ D,2
S2,7,D,1029,2175,D,2175 _ D,2
S2,7,W,1029,2178,D,2178 _ D,2
S2,28,D,1030,2181,D,2181 _ D,2
S2,28,W,1030,2184,D,2184 _ D,2
S2,28,D,1031,2187,D,2187 _ D,2
S2,28,W,1031,2190,D,2190 _ D,2
S2,28,D,1032,2193,D,2193 _ D,2
S2,28,W,1032,2196,D,2196 _ D,2
S2,28,D,1033,2199,D,2199 _ D,2
S2,28,W,1033,2202,D,2202 _ D,2
S2,28,D,1034,2205,D,2205 _ D,2
S2,28,W,1034,2208,D,2208 _ D,2
S2,28,D,1035,2211,D,2211 _ D,2
S2,28,W,1035,2214,D,2214 _ D,2
S2,29,D,1036,2217,D,2217 _ D,2
S2,29,W,1036,2220,D,2220 _ D,2
S2,29,D,1037,2223,D,2223 _ D,2
S2,29,W,1037,2226,D,2226 _ D,2
S2,29,D,1038,2229,D,2229 _ D,2
S2,29,W,1038,2232,D,2232 _ D,2
S2,29,D,1039,2235,D,2235 _ D,2
S2,29,W,1039,2238,D,2238 _ D,2
S2,29,D,1040,2241,D,2241 _ D,2
S2,29,W,1040,2244,D,2244 _ D,2
S2,29,D,1041,2247,D,2247 _ D,2
S2,29,W,1041,2250,D,2250 _ D,2
S2,32,D,1042,2253,D,2253 _ D,2
S2,32,W,1042,2256,D,2256 _ D,2
S2,32,D,1043,2259,D,2259 _ D,2
S2,32,W,1043,2262,D,2262 _ D,2
S2,32,D,1044,2265,D,2265 _ D,2
S2,32,W,1044,2268,D,2268 _ D,2
S2,32,D,1045,2271,D,2271 _ D,2
S2,32,W,1045,2274,D,2274 _ D,2
S2,32,D,1046,2277,D,2277 _ D,2
S2,32,W,1046,2280,D,2280 _ D,2
S2,32,D,1047,2283,D,2283 _ D,2
S2,32,W,1047,2286,D,2286 _ D,2
S2,35,D,1048,2289,D,2289 _ D,2
S2,35,W,1048,2292,D,2292 _ D,2
S2,35,D,1049,2295,D,2295 _ D,2
S2,35,W,1049,2298,D,2298 _ D,2
S2,35,D,1050,2301,D,2301 _ D,2
S2,35,W,1050,2304,D,2304 _ D,2
S2,35,D,1051,2307,D,2307 _ D,2
S2,35,W,1051,2310,D,2310 _ D,2
S2,35,D,1052,2313,D,2313 _ D,2
S2,35,W,1052,2316,D,2316 _ D,2
S2,35,D,1053,2319,D,2319 _ D,2
S2,35,W,1053,2322,D,2322 _ D,2
S2,37,D,1054,2325,D,2325 _ D,2
S2,37,W,1054,2328,D,2328 _ D,2
S2,37,D,1055,2331,D,2331 _ D,2
S2,37,W,1055,2334,D,2334 _ D,2
S2,37,D,1056,2337,D,2337 _ D,2
S2,37,W,1056,2340,D,2340 _ D,2
S2,37,D,1057,2343,D,2343 _ D,2
S2,37,W,1057,2346,D,2346 _ D,2
S2,37,D,1058,2349,D,2349 _ D,2
S2,37,W,1058,2352,D,2352 _ D,2
S2,37,D,1059,2355,D,2355 _ D,2
S2,37,W,1059,2358,D,2358 _ D,2
S2,38,D,1060,2361,D,2361 _ D,2
S2,38,W,1060,2364,D,2364 _ D,2
S2,38,D,1061,2367,D,2367 _ D,2
S2,38,W,1061,2370,D,2370 _ D,2
S2,38,D,1062,2373,D,2373 _ D,2
S2,38,W,1062,2376,D,2376 _ D,2
S2,38,D,1063,2379,D,2379 _ D,2
S2,38,W,1063,2382,D,2382 _ D,2
S2,38,D,1064,2385,D,2385 _ D,2
S2,38,W,1064,2388,D,2388 _ D,2
S2,38,D,1065,2391,D,2391 _ D,2
S2,38,W,1065,2394,D,2394 _ D,2
S2,39A,D,1066,2397,D,2397 _ D,2
S2,39A,W,1066,2400,D,2400 _ D,2
S2,39A,D,1067,2403,D,2403 _ D,2
S2,39A,W,1067,2406,D,2406 _ D,2
S2,39A,D,1068,2409,D,2409 _ D,2
S2,39A,W,1068,2412,D,2412 _ D,2
S2,39A,D,1069,2415,D,2415 _ D,2
S2,39A,W,1069,2418,D,2418 _ D,2
S2,39A,D,1070,2421,D,2421 _ D,2
S2,39A,W,1070,2424,D,2424 _ D,2
S2,39A,D,1071,2427,D,2427 _ D,2
S2,39A,W,1071,2430,D,2430 _ D,2
S2,39B,D,1072,2433,D,2433 _ D,2
S2,39B,W,1072,2436,D,2436 _ D,2
S2,39B,D,1073,2439,D,2439 _ D,2
S2,39B,W,1073,2442,D,2442 _ D,2
S2,39B,D,1074,2445,D,2445 _ D,2
S2,39B,W,1074,2448,D,2448 _ D,2
S2,39B,D,1075,2451,D,2451 _ D,2
S2,39B,W,1075,2454,D,2454 _ D,2
S2,39B,D,1076,2457,D,2457 _ D,2
S2,39B,W,1076,2460,D,2460 _ D,2
S2,39B,D,1077,2463,D,2463 _ D,2
S2,39B,W,1077,2466,D,2466 _ D,2
S2,40,D,1078,2469,D,2469 _ D,2
S2,40,W,1078,2472,D,2472 _ D,2
S2,40,D,1079,2475,D,2475 _ D,2
S2,40,W,1079,2478,D,2478 _ D,2
S2,40,D,1080,2481,D,2481 _ D,2
S2,40,W,1080,2484,D,2484 _ D,2
S2,40,D,1081,2487,D,2487 _ D,2
S2,40,W,1081,2490,D,2490 _ D,2
S2,40,D,1082,2493,D,2493 _ D,2
S2,40,W,1082,2496,D,2496 _ D,2
S2,40,D,1083,2499,D,2499 _ D,2
S2,40,W,1083,2502,D,2502 _ D,2
S2,41,D,1084,2505,D,2505 _ D,2
S2,41,W,1084,2508,D,2508 _ D,2
S2,41,D,1085,2511,D,2511 _ D,2
S2,41,W,1085,2514,D,2514 _ D,2
S2,41,D,1086,2517,D,2517 _ D,2
S2,41,W,1086,2520,D,2520 _ D,2
S2,41,D,1087,2523,D,2523 _ D,2
S2,41,W,1087,2526,D,2526 _ D,2
S2,41,D,1088,2529,D,2529 _ D,2
S2,41,W,1088,2532,D,2532 _ D,2
S2,41,D,1089,2535,D,2535 _ D,2
S2,41,W,1089,2538,D,2538 _ D,2
S2,49,D,1090,2541,D,2541 _ D,2
S2,49,W,1090,2544,D,2544 _ D,2
S2,49,D,1091,2547,D,2547 _ D,2
S2,49,W,1091,2550,D,2550 _ D,2
S2,49,D,1092,2553,D,2553 _ D,2
S2,49,W,1092,2556,D,2556 _ D,2
S2,49,D,1093,2559,D,2559 _ D,2
S2,49,W,1093,2562,D,2562 _ D,2
S2,49,D,1094,2565,D,2565 _ D,2
S2,49,W,1094,2568,D,2568 _ D,2
S2,49,D,1095,2571,D,2571 _ D,2
S2,49,W,1095,2574,D,2574 _ D,2
S2,51,D,1096,2577,D,2577 _ D,2
S2,51,W,1096,2580,D,2580 _ D,2
S2,51,D,1097,2583,D,2583 _ D,2
S2,51,W,1097,2586,D,2586 _ D,2
S2,51,D,1098,2589,D,2589 _ D,2
S2,51,W,1098,2592,D,2592 _ D,2
S2,51,D,1099,2595,D,2595 _ D,2
S2,51,W,1099,2598,D,2598 _ D,2
S2,51,D,1100,2601,D,2601 _ D,2
S2,51,W,1100,2604,D,2604 _ D,2
S2,51,D,1101,2607,D,2607 _ D,2
S2,51,W,1101,2610,D,2610 _ D,2
S2,52,D,1102,2613,D,2613 _ D,2
S2,52,W,1102,2616,D,2616 _ D,2
S2,52,D,1103,2619,D,2619 _ D,2
S2,52,W,1103,2622,D,2622 _ D,2
S2,52,D,1104,2625,D,2625 _ D,2
S2,52,W,1104,2628,D,2628 _ D,2
S2,52,D,1105,2631,D,2631 _ D,2
S2,52,W,1105,2634,D,2634 _ D,2
S2,52,D,1106,2637,D,2637 _ D,2
S2,52,W,1106,2640,D,2640 _ D,2
S2,52,D,1107,2643,D,2643 _ D,2
S2,52,W,1107,2646,D,2646 _ D,2
S2,54,D,1108,2649,D,2649 _ D,2
S2,54,W,1108,2652,D,2652 _ D,2
S2,54,D,1109,2655,D,2655 _ D,2
S2,54,W,1109,2658,D,2658 _ D,2
S2,54,D,1110,2661,D,2661 _ D,2
S2,54,W,1110,2664,D,2664 _ D,2
S2,54,D,1111,2667,D,2667 _ D,2
S2,54,W,1111,2670,D,2670 _ D,2
S2,54,D,1112,2673,D,2673 _ D,2
S2,54,W,1112,2676,D,2676 _ D,2
S2,54,D,1113,2679,D,2679 _ D,2
S2,54,W,1113,2682,D,2682 _ D,2
S2,57,D,1114,2685,D,2685 _ D,2
S2,57,W,1114,2688,D,2688 _ D,2
S2,57,D,1115,2691,D,2691 _ D,2
S2,57,W,1115,2694,D,2694 _ D,2
S2,57,D,1116,2697,D,2697 _ D,2
S2,57,W,1116,2700,D,2700 _ D,2
S2,57,D,1117,2703,D,2703 _ D,2
S2,57,W,1117,2706,D,2706 _ D,2
S2,57,D,1118,2709,D,2709 _ D,2
S2,57,W,1118,2712,D,2712 _ D,2
S2,57,D,1119,2715,D,2715 _ D,2
S2,57,W,1119,2718,D,2718 _ D,2
S2,148,D,1120,2721,D,2721 _ D,2
S2,148,W,1120,2724,D,2724 _ D,2
S2,148,D,1121,2727,D,2727 _ D,2
S2,148,W,1121,2730,D,2730 _ D,2
S2,148,D,1122,2733,D,2733 _ D,2
S2,148,W,1122,2736,D,2736 _ D,2
S2,148,D,1123,2739,D,2739 _ D,2
S2,148,W,1123,2742,D,2742 _ D,2
S2,148,D,1124,2745,D,2745 _ D,2
S2,148,W,1124,2748,D,2748 _ D,2
S2,148,D,1125,2751,D,2751 _ D,2
S2,148,W,1125,2754,D,2754 _ D,2
S2,152,D,1126,2757,D,2757 _ D,2
S2,152,W,1126,2760,D,2760 _ D,2
S2,152,D,1127,2763,D,2763 _ D,2
S2,152,W,1127,2766,D,2766 _ D,2
S2,152,D,1128,2769,D,2769 _ D,2
S2,152,W,1128,2772,D,2772 _ D,2
S2,152,D,1129,2775,D,2775 _ D,2
S2,152,W,1129,2778,D,2778 _ D,2
S2,152,D,1130,2781,D,2781 _ D,2
S2,152,W,1130,2784,D,2784 _ D,2
S2,152,D,1131,2787,D,2787 _ D,2
S2,152,W,1131,2790,D,2790 _ D,2
S2,153,D,1132,2793,D,2793 _ D,2
S2,153,W,1132,2796,D,2796 _ D,2
S2,153,D,1133,2799,D,2799 _ D,2
S2,153,W,1133,2802,D,2802 _ D,2
S2,153,D,1134,2805,D,2805 _ D,2
S2,153,W,1134,2808,D,2808 _ D,2
S2,153,D,1135,2811,D,2811 _ D,2
S2,153,W,1135,2814,D,2814 _ D,2
S2,153,D,1136,2817,D,2817 _ D,2
S2,153,W,1136,2820,D,2820 _ D,2
S2,153,D,1137,2823,D,2823 _ D,2
S2,153,W,1137,2826,D,2826 _ D,2
S2,154,D,1138,2829,D,2829 _ D,2
S2,154,W,1138,2832,D,2832 _ D,2
S2,154,D,1139,2835,D,2835 _ D,2
S2,154,W,1139,2838,D,2838 _ D,2
S2,154,D,1140,2841,D,2841 _ D,2
S2,154,W,1140,2844,D,2844 _ D,2
S2,154,D,1141,2847,D,2847 _ D,2
S2,154,W,1141,2850,D,2850 _ D,2
S2,154,D,1142,2853,D,2853 _ D,2
S2,154,W,1142,2856,D,2856 _ D,2
S2,154,D,1143,2859,D,2859 _ D,2
S2,154,W,1143,2862,D,2862 _ D,2
S2,155,D,1144,2865,D,2865 _ D,2
S2,155,W,1144,2868,D,2868 _ D,2
S2,155,D,1145,2871,D,2871 _ D,2
S2,155,W,1145,2874,D,2874 _ D,2
S2,155,D,1146,2877,D,2877 _ D,2
S2,155,W,1146,2880,D,2880 _ D,2
S2,155,D,1147,2883,D,2883 _ D,2
S2,155,W,1147,2886,D,2886 _ D,2
S2,155,D,1148,2889,D,2889 _ D,2
S2,155,W,1148,2892,D,2892 _ D,2
S2,155,D,1149,2895,D,2895 _ D,2
S2,155,W,1149,2898,D,2898 _ D,2
S2,164,D,1150,2901,D,2901 _ D,2
S2,164,W,1150,2904,D,2904 _ D,2
S2,164,D,1151,2907,D,2907 _ D,2
S2,164,W,1151,2910,D,2910 _ D,2
S2,164,D,1152,2913,D,2913 _ D,2
S2,164,W,1152,2916,D,2916 _ D,2
S2,164,D,1153,2919,D,2919 _ D,2
S2,164,W,1153,2922,D,2922 _ D,2
S2,164,D,1154,2925,D,2925 _ D,2
S2,164,W,1154,2928,D,2928 _ D,2
S2,164,D,1155,2931,D,2931 _ D,2
S2,164,W,1155,2934,D,2934 _ D,2
S2,166,D,1156,2937,D,2937 _ D,2
S2,166,W,1156,2940,D,2940 _ D,2
S2,166,D,1157,2943,D,2943 _ D,2
S2,166,W,1157,2946,D,2946 _ D,2
S2,166,D,1158,2949,D,2949 _ D,2
S2,166,W,1158,2952,D,2952 _ D,2
S2,166,D,1159,2955,D,2955 _ D,2
S2,166,W,1159,2958,D,2958 _ D,2
S2,166,D,1160,2961,D,2961 _ D,2
S2,166,W,1160,2964,D,2964 _ D,2
S2,166,D,1161,2967,D,2967 _ D,2
S2,166,W,1161,2970,D,2970 _ D,2
S2,167,D,1162,2973,D,2973 _ D,2
S2,167,W,1162,2976,D,2976 _ D,2
S2,167,D,1163,2979,D,2979 _ D,2
S2,167,W,1163,2982,D,2982 _ D,2
S2,167,D,1164,2985,D,2985 _ D,2
S2,167,W,1164,2988,D,2988 _ D,2
S2,167,D,1165,2991,D,2991 _ D,2
S2,167,W,1165,2994,D,2994 _ D,2
S2,167,D,1166,2997,D,2997 _ D,2
S2,167,W,1166,3000,D,3000 _ D,2
S2,167,D,1167,3003,D,3003 _ D,2
S2,167,W,1167,3006,D,3006 _ D,2
S2,170,D,1168,3009,D,3009 _ D,2
S2,170,W,1168,3012,D,3012 _ D,2
S2,170,D,1169,3015,D,3015 _ D,2
S2,170,W,1169,3018,D,3018 _ D,2
S2,170,D,1170,3021,D,3021 _ D,2
S2,170,W,1170,3024,D,3024 _ D,2
S2,170,D,1171,3027,D,3027 _ D,2
S2,170,W,1171,3030,D,3030 _ D,2
S2,170,D,1172,3033,D,3033 _ D,2
S2,170,W,1172,3036,D,3036 _ D,2
S2,170,D,1173,3039,D,3039 _ D,2
S2,170,W,1173,3042,D,3042 _ D,2
S2,172,D,1174,3045,D,3045 _ D,2
S2,172,W,1174,3048,D,3048 _ D,2
S2,172,D,1175,3051,D,3051 _ D,2
S2,172,W,1175,3054,D,3054 _ D,2
S2,172,D,1176,3057,D,3057 _ D,2
S2,172,W,1176,3060,D,3060 _ D,2
S2,172,D,1177,3063,D,3063 _ D,2
S2,172,W,1177,3066,D,3066 _ D,2
S2,172,D,1178,3069,D,3069 _ D,2
S2,172,W,1178,3072,D,3072 _ D,2
S2,172,D,1179,3075,D,3075 _ D,2
S2,172,W,1179,3078,D,3078 _ D,2
S2,342,D,1180,3081,D,3081 _ D,2
S2,342,W,1180,3084,D,3084 _ D,2
S2,342,D,1181,3087,D,3087 _ D,2
S2,342,W,1181,3090,D,3090 _ D,2
S2,342,D,1182,3093,D,3093 _ D,2
S2,342,W,1182,3096,D,3096 _ D,2
S2,342,D,1183,3099,D,3099 _ D,2
S2,342,W,1183,3102,D,3102 _ D,2
S2,342,D,1184,3105,D,3105 _ D,2
S2,342,W,1184,3108,D,3108 _ D,2
S2,342,D,1185,3111,D,3111 _ D,2
S2,342,W,1185,3114,D,3114 _ D,2
S2,343,D,1186,3117,D,3117 _ D,2
S2,343,W,1186,3120,D,3120 _ D,2
S2,343,D,1187,3123,D,3123 _ D,2
S2,343,W,1187,3126,D,3126 _ D,2
S2,343,D,1188,3129,D,3129 _ D,2
S2,343,W,1188,3132,D,3132 _ D,2
S2,343,D,1189,3135,D,3135 _ D,2
S2,343,W,1189,3138,D,3138 _ D,2
S2,343,D,1190,3141,D,3141 _ D,2
S2,343,W,1190,3144,D,3144 _ D,2
S2,343,D,1191,3147,D,3147 _ D,2
S2,343,W,1191,3150,D,3150 _ D,2
S2,344,D,1192,3153,D,3153 _ D,2
S2,344,W,1192,3156,D,3156 _ D,2
S2,344,D,1193,3159,D,3159 _ D,2
S2,344,W,1193,3162,D,3162 _ D,2
S2,344,D,1194,3165,D,3165 _ D,2
S2,344,W,1194,3168,D,3168 _ D,2
S2,344,D,1195,3171,D,3171 _ D,2
S2,344,W,1195,3174,D,3174 _ D,2
S2,344,D,1196,3177,D,3177 _ D,2
S2,344,W,1196,3180,D,3180 _ D,2
S2,344,D,1197,3183,D,3183 _ D,2
S2,344,W,1197,3186,D,3186 _ D,2
S2,345,D,1198,3189,D,3189 _ D,2
S2,345,W,1198,3192,D,3192 _ D,2
S2,345,D,1199,3195,D,3195 _ D,2
S2,345,W,1199,3198,D,3198 _ D,2
S2,345,D,1200,3201,D,3201 _ D,2
S2,345,W,1200,3204,D,3204 _ D,2
S2,345,D,1201,3207,D,3207 _ D,2
S2,345,W,1201,3210,D,3210 _ D,2
S2,345,D,1202,3213,D,3213 _ D,2
S2,345,W,1202,3216,D,3216 _ D,2
S2,345,D,1203,3219,D,3219 _ D,2
S2,345,W,1203,3222,D,3222 _ D,2
S2,349,D,1204,3225,D,3225 _ D,2
S2,349,W,1204,3228,D,3228 _ D,2
S2,349,D,1205,3231,D,3231 _ D,2
S2,349,W,1205,3234,D,3234 _ D,2
S2,349,D,1206,3237,D,3237 _ D,2
S2,349,W,1206,3240,D,3240 _ D,2
S2,349,D,1207,3243,D,3243 _ D,2
S2,349,W,1207,3246,D,3246 _ D,2
S2,349,D,1208,3249,D,3249 _ D,2
S2,349,W,1208,3252,D,3252 _ D,2
S2,349,D,1209,3255,D,3255 _ D,2
S2,349,W,1209,3258,D,3258 _ D,2
S2,371,D,1210,3261,D,3261 _ D,2
S2,371,W,1210,3264,D,3264 _ D,2
S2,371,D,1211,3267,D,3267 _ D,2
S2,371,W,1211,3270,D,3270 _ D,2
S2,371,D,1212,3273,D,3273 _ D,2
S2,371,W,1212,3276,D,3276 _ D,2
S2,371,D,1213,3279,D,3279 _ D,2
S2,371,W,1213,3282,D,3282 _ D,2
S2,371,D,1214,3285,D,3285 _ D,2
S2,371,W,1214,3288,D,3288 _ D,2
S2,371,D,1215,3291,D,3291 _ D,2
S2,371,W,1215,3294,D,3294 _ D,2
S2,372,D,1216,3297,D,3297 _ D,2
S2,372,W,1216,3300,D,3300 _ D,2
S2,372,D,1217,3303,D,3303 _ D,2
S2,372,W,1217,3306,D,3306 _ D,2
S2,372,D,1218,3309,D,3309 _ D,2
S2,372,W,1218,3312,D,3312 _ D,2
S2,372,D,1219,3315,D,3315 _ D,2
S2,372,W,1219,3318,D,3318 _ D,2
S2,372,D,1220,3321,D,3321 _ D,2
S2,372,W,1220,3324,D,3324 _ D,2
S2,372,D,1221,3327,D,3327 _ D,2
S2,372,W,1221,3330,D,3330 _ D,2
S2,373,D,1222,3333,D,3333 _ D,2
S2,373,W,1222,3336,D,3336 _ D,2
S2,373,D,1223,3339,D,3339 _ D,2
S2,373,W,1223,3342,D,3342 _ D,2
S2,373,D,1224,3345,D,3345 _ D,2
S2,373,W,1224,3348,D,3348 _ D,2
S2,373,D,1225,3351,D,3351 _ D,2
S2,373,W,1225,3354,D,3354 _ D,2
S2,373,D,1226,3357,D,3357 _ D,2
S2,373,W,1226,3360,D,3360 _ D,2
S2,373,D,1227,3363,D,3363 _ D,2
S2,373,W,1227,3366,D,3366 _ D,2
S2,374,D,1228,3369,D,3369 _ D,2
S2,374,W,1228,3372,D,3372 _ D,2
S2,374,D,1229,3375,D,3375 _ D,2
S2,374,W,1229,3378,D,3378 _ D,2
S2,374,D,1230,3381,D,3381 _ D,2
S2,374,W,1230,3384,D,3384 _ D,2
S2,374,D,1231,3387,D,3387 _ D,2
S2,374,W,1231,3390,D,3390 _ D,2
S2,374,D,1232,3393,D,3393 _ D,2
S2,374,W,1232,3396,D,3396 _ D,2
S2,374,D,1233,3399,D,3399 _ D,2
S2,374,W,1233,3402,D,3402 _ D,2
S2,375,D,1234,3405,D,3405 _ D,2
S2,375,W,1234,3408,D,3408 _ D,2
S2,375,D,1235,3411,D,3411 _ D,2
S2,375,W,1235,3414,D,3414 _ D,2
S2,375,D,1236,3417,D,3417 _ D,2
S2,375,W,1236,3420,D,3420 _ D,2
S2,375,D,1237,3423,D,3423 _ D,2
S2,375,W,1237,3426,D,3426 _ D,2
S2,375,D,1238,3429,D,3429 _ D,2
S2,375,W,1238,3432,D,3432 _ D,2
S2,375,D,1239,3435,D,3435 _ D,2
S2,375,W,1239,3438,D,3438 _ D,2
S2,1,D,1000,2002,W,2002 _ W,3
S2,1,W,1000,2005,W,2005 _ W,3
S2,1,D,1001,2008,W,2008 _ W,3
S2,1,W,1001,2011,W,2011 _ W,3
S2,1,D,1002,2014,W,2014 _ W,3
S2,1,W,1002,2017,W,2017 _ W,3
S2,1,D,1003,2020,W,2020 _ W,3
S2,1,W,1003,2023,W,2023 _ W,3
S2,1,D,1004,2026,W,2026 _ W,3
S2,1,W,1004,2029,W,2029 _ W,3
S2,1,D,1005,2032,W,2032 _ W,3
S2,1,W,1005,2035,W,2035 _ W,3
S2,3,D,1006,2038,W,2038 _ W,3
S2,3,W,1006,2041,W,2041 _ W,3
S2,3,D,1007,2044,W,2044 _ W,3
S2,3,W,1007,2047,W,2047 _ W,3
S2,3,D,1008,2050,W,2050 _ W,3
S2,3,W,1008,2053,W,2053 _ W,3
S2,3,D,1009,2056,W,2056 _ W,3
S2,3,W,1009,2059,W,2059 _ W,3
S2,3,D,1010,2062,W,2062 _ W,3
S2,3,W,1010,2065,W,2065 _ W,3
S2,3,D,1011,2068,W,2068 _ W,3
S2,3,W,1011,2071,W,2071 _ W,3
S2,4,D,1012,2074,W,2074 _ W,3
S2,4,W,1012,2077,W,2077 _ W,3
S2,4,D,1013,2080,W,2080 _ W,3
S2,4,W,1013,2083,W,2083 _ W,3
S2,4,D,1014,2086,W,2086 _ W,3
S2,4,W,1014,2089,W,2089 _ W,3
S2,4,D,1015,2092,W,2092 _ W,3
S2,4,W,1015,2095,W,2095 _ W,3
S2,4,D,1016,2098,W,2098 _ W,3
S2,4,W,1016,2101,W,2101 _ W,3
S2,4,D,1017,2104,W,2104 _ W,3
S2,4,W,1017,2107,W,2107 _ W,3
S2,6,D,1018,2110,W,2110 _ W,3
S2,6,W,1018,2113,W,2113 _ W,3
S2,6,D,1019,2116,W,2116 _ W,3
S2,6,W,1019,2119,W,2119 _ W,3
S2,6,D,1020,2122,W,2122 _ W,3
S2,6,W,1020,2125,W,2125 _ W,3
S2,6,D,1021,2128,W,2128 _ W,3
S2,6,W,1021,2131,W,2131 _ W,3
S2,6,D,1022,2134,W,2134 _ W,3
S2,6,W,1022,2137,W,2137 _ W,3
S2,6,D,1023,2140,W,2140 _ W,3
S2,6,W,1023,2143,W,2143 _ W,3
S2,7,D,1024,2146,W,2146 _ W,3
S2,7,W,1024,2149,W,2149 _ W,3
S2,7,D,1025,2152,W,2152 _ W,3
S2,7,W,1025,2155,W,2155 _ W,3
S2,7,D,1026,2158,W,2158 _ W,3
S2,7,W,1026,2161,W,2161 _ W,3
S2,7,D,1027,2164,W,2164 _ W,3
S2,7,W,1027,2167,W,2167 _ W,3
S2,7,D,1028,2170,W,2170 _ W,3
S2,7,W,1028,2173,W,2173 _ W,3
S2,7,D,1029,2176,W,2176 _ W,3
S2,7,W,1029,2179,W,2179 _ W,3
S2,28,D,1030,2182,W,2182 _ W,3
S2,28,W,1030,2185,W,2185 _ W,3
S2,28,D,1031,2188,W,2188 _ W,3
S2,28,W,1031,2191,W,2191 _ W,3
S2,28,D,1032,2194,W,2194 _ W,3
S2,28,W,1032,2197,W,2197 _ W,3
S2,28,D,1033,2200,W,2200 _ W,3
S2,28,W,1033,2203,W,2203 _ W,3
S2,28,D,1034,2206,W,2206 _ W,3
S2,28,W,1034,2209,W,2209 _ W,3
S2,28,D,1035,2212,W,2212 _ W,3
S2,28,W,1035,2215,W,2215 _ W,3
S2,29,D,1036,2218,W,2218 _ W,3
S2,29,W,1036,2221,W,2221 _ W,3
S2,29,D,1037,2224,W,2224 _ W,3
S2,29,W,1037,2227,W,2227 _ W,3
S2,29,D,1038,2230,W,2230 _ W,3
S2,29,W,1038,2233,W,2233 _ W,3
S2,29,D,1039,2236,W,2236 _ W,3
S2,29,W,1039,2239,W,2239 _ W,3
S2,29,D,1040,2242,W,2242 _ W,3
S2,29,W,1040,2245,W,2245 _ W,3
S2,29,D,1041,2248,W,2248 _ W,3
S2,29,W,1041,2251,W,2251 _ W,3
S2,32,D,1042,2254,W,2254 _ W,3
S2,32,W,1042,2257,W,2257 _ W,3
S2,32,D,1043,2260,W,2260 _ W,3
S2,32,W,1043,2263,W,2263 _ W,3
S2,32,D,1044,2266,W,2266 _ W,3
S2,32,W,1044,2269,W,2269 _ W,3
S2,32,D,1045,2272,W,2272 _ W,3
S2,32,W,1045,2275,W,2275 _ W,3
S2,32,D,1046,2278,W,2278 _ W,3
S2,32,W,1046,2281,W,2281 _ W,3
S2,32,D,1047,2284,W,2284 _ W,3
S2,32,W,1047,2287,W,2287 _ W,3
S2,35,D,1048,2290,W,2290 _ W,3
S2,35,W,1048,2293,W,2293 _ W,3
S2,35,D,1049,2296,W,2296 _ W,3
S2,35,W,1049,2299,W,2299 _ W,3
S2,35,D,1050,2302,W,2302 _ W,3
S2,35,W,1050,2305,W,2305 _ W,3
S2,35,D,1051,2308,W,2308 _ W,3
S2,35,W,1051,2311,W,2311 _ W,3
S2,35,D,1052,2314,W,2314 _ W,3
S2,35,W,1052,2317,W,2317 _ W,3
S2,35,D,1053,2320,W,2320 _ W,3
S2,35,W,1053,2323,W,2323 _ W,3
S2,37,D,1054,2326,W,2326 _ W,3
S2,37,W,1054,2329,W,2329 _ W,3
S2,37,D,1055,2332,W,2332 _ W,3
S2,37,W,1055,2335,W,2335 _ W,3
S2,37,D,1056,2338,W,2338 _ W,3
S2,37,W,1056,2341,W,2341 _ W,3
S2,37,D,1057,2344,W,2344 _ W,3
S2,37,W,1057,2347,W,2347 _ W,3
S2,37,D,1058,2350,W,2350 _ W,3
S2,37,W,1058,2353,W,2353 _ W,3
S2,37,D,1059,2356,W,2356 _ W,3
S2,37,W,1059,2359,W,2359 _ W,3
S2,38,D,1060,2362,W,2362 _ W,3
S2,38,W,1060,2365,W,2365 _ W,3
S2,38,D,1061,2368,W,2368 _ W,3
S2,38,W,1061,2371,W,2371 _ W,3
S2,38,D,1062,2374,W,2374 _ W,3
S2,38,W,1062,2377,W,2377 _ W,3
S2,38,D,1063,2380,W,2380 _ W,3
S2,38,W,1063,2383,W,2383 _ W,3
S2,38,D,1064,2386,W,2386 _ W,3
S2,38,W,1064,2389,W,2389 _ W,3
S2,38,D,1065,2392,W,2392 _ W,3
S2,38,W,1065,2395,W,2395 _ W,3
S2,39A,D,1066,2398,W,2398 _ W,3
S2,39A,W,1066,2401,W,2401 _ W,3
S2,39A,D,1067,2404,W,2404 _ W,3
S2,39A,W,1067,2407,W,2407 _ W,3
S2,39A,D,1068,2410,W,2410 _ W,3
S2,39A,W,1068,2413,W,2413 _ W,3
S2,39A,D,1069,2416,W,2416 _ W,3
S2,39A,W,1069,2419,W,2419 _ W,3
S2,39A,D,1070,2422,W,2422 _ W,3
S2,39A,W,1070,2425,W,2425 _ W,3
S2,39A,D,1071,2428,W,2428 _ W,3
S2,39A,W,1071,2431,W,2431 _ W,3
S2,39B,D,1072,2434,W,2434 _ W,3
S2,39B,W,1072,2437,W,2437 _ W,3
S2,39B,D,1073,2440,W,2440 _ W,3
S2,39B,W,1073,2443,W,2443 _ W,3
S2,39B,D,1074,2446,W,2446 _ W,3
S2,39B,W,1074,2449,W,2449 _ W,3
S2,39B,D,1075,2452,W,2452 _ W,3
S2,39B,W,1075,2455,W,2455 _ W,3
S2,39B,D,1076,2458,W,2458 _ W,3
S2,39B,W,1076,2461,W,2461 _ W,3
S2,39B,D,1077,2464,W,2464 _ W,3
S2,39B,W,1077,2467,W,2467 _ W,3
S2,40,D,1078,2470,W,2470 _ W,3
S2,40,W,1078,2473,W,2473 _ W,3
S2,40,D,1079,2476,W,2476 _ W,3
S2,40,W,1079,2479,W,2479 _ W,3
S2,40,D,1080,2482,W,2482 _ W,3
S2,40,W,1080,2485,W,2485 _ W,3
S2,40,D,1081,2488,W,2488 _ W,3
S2,40,W,1081,2491,W,2491 _ W,3
S2,40,D,1082,2494,W,2494 _ W,3
S2,40,W,1082,2497,W,2497 _ W,3
S2,40,D,1083,2500,W,2500 _ W,3
S2,40,W,1083,2503,W,2503 _ W,3
S2,41,D,1084,2506,W,2506 _ W,3
S2,41,W,1084,2509,W,2509 _ W,3
S2,41,D,1085,2512,W,2512 _ W,3
S2,41,W,1085,2515,W,2515 _ W,3
S2,41,D,1086,2518,W,2518 _ W,3
S2,41,W,1086,2521,W,2521 _ W,3
S2,41,D,1087,2524,W,2524 _ W,3
S2,41,W,1087,2527,W,2527 _ W,3
S2,41,D,1088,2530,W,2530 _ W,3
S2,41,W,1088,2533,W,2533 _ W,3
S2,41,D,1089,2536,W,2536 _ W,3
S2,41,W,1089,2539,W,2539 _ W,3
S2,49,D,1090,2542,W,2542 _ W,3
S2,49,W,1090,2545,W,2545 _ W,3
S2,49,D,1091,2548,W,2548 _ W,3
S2,49,W,1091,2551,W,2551 _ W,3
S2,49,D,1092,2554,W,2554 _ W,3
S2,49,W,1092,2557,W,2557 _ W,3
S2,49,D,1093,2560,W,2560 _ W,3
S2,49,W,1093,2563,W,2563 _ W,3
S2,49,D,1094,2566,W,2566 _ W,3
S2,49,W,1094,2569,W,2569 _ W,3
S2,49,D,1095,2572,W,2572 _ W,3
S2,49,W,1095,2575,W,2575 _ W,3
S2,51,D,1096,2578,W,2578 _ W,3
S2,51,W,1096,2581,W,2581 _ W,3
S2,51,D,1097,2584,W,2584 _ W,3
S2,51,W,1097,2587,W,2587 _ W,3
S2,51,D,1098,2590,W,2590 _ W,3
S2,51,W,1098,2593,W,2593 _ W,3
S2,51,D,1099,2596,W,2596 _ W,3
S2,51,W,1099,2599,W,2599 _ W,3
S2,51,D,1100,2602,W,2602 _ W,3
S2,51,W,1100,2605,W,2605 _ W,3
S2,51,D,1101,2608,W,2608 _ W,3
S2,51,W,1101,2611,W,2611 _ W,3
S2,52,D,1102,2614,W,2614 _ W,3
S2,52,W,1102,2617,W,2617 _ W,3
S2,52,D,1103,2620,W,2620 _ W,3
S2,52,W,1103,2623,W,2623 _ W,3
S2,52,D,1104,2626,W,2626 _ W,3
S2,52,W,1104,2629,W,2629 _ W,3
S2,52,D,1105,2632,W,2632 _ W,3
S2,52,W,1105,2635,W,2635 _ W,3
S2,52,D,1106,2638,W,2638 _ W,3
S2,52,W,1106,2641,W,2641 _ W,3
S2,52,D,1107,2644,W,2644 _ W,3
S2,52,W,1107,2647,W,2647 _ W,3
S2,54,D,1108,2650,W,2650 _ W,3
S2,54,W,1108,2653,W,2653 _ W,3
S2,54,D,1109,2656,W,2656 _ W,3
S2,54,W,1109,2659,W,2659 _ W,3
S2,54,D,1110,2662,W,2662 _ W,3
S2,54,W,1110,2665,W,2665 _ W,3
S2,54,D,1111,2668,W,2668 _ W,3
S2,54,W,1111,2671,W,2671 _ W,3
S2,54,D,1112,2674,W,2674 _ W,3
S2,54,W,1112,2677,W,2677 _ W,3
S2,54,D,1113,2680,W,2680 _ W,3
S2,54,W,1113,2683,W,2683 _ W,3
S2,57,D,1114,2686,W,2686 _ W,3
S2,57,W,1114,2689,W,2689 _ W,3
S2,57,D,1115,2692,W,2692 _ W,3
S2,57,W,1115,2695,W,2695 _ W,3
S2,57,D,1116,2698,W,2698 _ W,3
S2,57,W,1116,2701,W,2701 _ W,3
S2,57,D,1117,2704,W,2704 _ W,3
S2,57,W,1117,2707,W,2707 _ W,3
S2,57,D,1118,2710,W,2710 _ W,3
S2,57,W,1118,2713,W,2713 _ W,3
S2,57,D,1119,2716,W,2716 _ W,3
S2,57,W,1119,2719,W,2719 _ W,3
S2,148,D,1120,2722,W,2722 _ W,3
S2,148,W,1120,2725,W,2725 _ W,3
S2,148,D,1121,2728,W,2728 _ W,3
S2,148,W,1121,2731,W,2731 _ W,3
S2,148,D,1122,2734,W,2734 _ W,3
S2,148,W,1122,2737,W,2737 _ W,3
S2,148,D,1123,2740,W,2740 _ W,3
S2,148,W,1123,2743,W,2743 _ W,3
S2,148,D,1124,2746,W,2746 _ W,3
S2,148,W,1124,2749,W,2749 _ W,3
S2,148,D,1125,2752,W,2752 _ W,3
S2,148,W,1125,2755,W,2755 _ W,3
S2,152,D,1126,2758,W,2758 _ W,3
S2,152,W,1126,2761,W,2761 _ W,3
S2,152,D,1127,2764,W,2764 _ W,3
S2,152,W,1127,2767,W,2767 _ W,3
S2,152,D,1128,2770,W,2770 _ W,3
S2,152,W,1128,2773,W,2773 _ W,3
S2,152,D,1129,2776,W,2776 _ W,3
S2,152,W,1129,2779,W,2779 _ W,3
S2,152,D,1130,2782,W,2782 _ W,3
S2,152,W,1130,2785,W,2785 _ W,3
S2,152,D,1131,2788,W,2788 _ W,3
S2,152,W,1131,2791,W,2791 _ W,3
S2,153,D,1132,2794,W,2794 _ W,3
S2,153,W,1132,2797,W,2797 _ W,3
S2,153,D,1133,2800,W,2800 _ W,3
S2,153,W,1133,2803,W,2803 _ W,3
S2,153,D,1134,2806,W,2806 _ W,3
S2,153,W,1134,2809,W,2809 _ W,3
S2,153,D,1135,2812,W,2812 _ W,3
S2,153,W,1135,2815,W,2815 _ W,3
S2,153,D,1136,2818,W,2818 _ W,3
S2,153,W,1136,2821,W,2821 _ W,3
S2,153,D,1137,2824,W,2824 _ W,3
S2,153,W,1137,2827,W,2827 _ W,3
S2,154,D,1138,2830,W,2830 _ W,3
S2,154,W,1138,2833,W,2833 _ W,3
S2,154,D,1139,2836,W,2836 _ W,3
S2,154,W,1139,2839,W,2839 _ W,3
S2,154,D,1140,2842,W,2842 _ W,3
S2,154,W,1140,2845,W,2845 _ W,3
S2,154,D,1141,2848,W,2848 _ W,3
S2,154,W,1141,2851,W,2851 _ W,3
S2,154,D,1142,2854,W,2854 _ W,3
S2,154,W,1142,2857,W,2857 _ W,3
S2,154,D,1143,2860,W,2860 _ W,3
S2,154,W,1143,2863,W,2863 _ W,3
S2,155,D,1144,2866,W,2866 _ W,3
S2,155,W,1144,2869,W,2869 _ W,3
S2,155,D,1145,2872,W,2872 _ W,3
S2,155,W,1145,2875,W,2875 _ W,3
S2,155,D,1146,2878,W,2878 _ W,3
S2,155,W,1146,2881,W,2881 _ W,3
S2,155,D,1147,2884,W,2884 _ W,3
S2,155,W,1147,2887,W,2887 _ W,3
S2,155,D,1148,2890,W,2890 _ W,3
S2,155,W,1148,2893,W,2893 _ W,3
S2,155,D,1149,2896,W,2896 _ W,3
S2,155,W,1149,2899,W,2899 _ W,3
S2,164,D,1150,2902,W,2902 _ W,3
S2,164,W,1150,2905,W,2905 _ W,3
S2,164,D,1151,2908,W,2908 _ W,3
S2,164,W,1151,2911,W,2911 _ W,3
S2,164,D,1152,2914,W,2914 _ W,3
S2,164,W,1152,2917,W,2917 _ W,3
S2,164,D,1153,2920,W,2920 _ W,3
S2,164,W,1153,2923,W,2923 _ W,3
S2,164,D,1154,2926,W,2926 _ W,3
S2,164,W,1154,2929,W,2929 _ W,3
S2,164,D,1155,2932,W,2932 _ W,3
S2,164,W,1155,2935,W,2935 _ W,3
S2,166,D,1156,2938,W,2938 _ W,3
S2,166,W,1156,2941,W,2941 _ W,3
S2,166,D,1157,2944,W,2944 _ W,3
S2,166,W,1157,2947,W,2947 _ W,3
S2,166,D,1158,2950,W,2950 _ W,3
S2,166,W,1158,2953,W,2953 _ W,3
S2,166,D,1159,2956,W,2956 _ W,3
S2,166,W,1159,2959,W,2959 _ W,3
S2,166,D,1160,2962,W,2962 _ W,3
S2,166,W,1160,2965,W,2965 _ W,3
S2,166,D,1161,2968,W,2968 _ W,3
S2,166,W,1161,2971,W,2971 _ W,3
S2,167,D,1162,2974,W,2974 _ W,3
S2,167,W,1162,2977,W,2977 _ W,3
S2,167,D,1163,2980,W,2980 _ W,3
S2,167,W,1163,2983,W,2983 _ W,3
S2,167,D,1164,2986,W,2986 _ W,3
S2,167,W,1164,2989,W,2989 _ W,3
S2,167,D,1165,2992,W,2992 _ W,3
S2,167,W,1165,2995,W,2995 _ W,3
S2,167,D,1166,2998,W,2998 _ W,3
S2,167,W,1166,3001,W,3001 _ W,3
S2,167,D,1167,3004,W,3004 _ W,3
S2,167,W,1167,3007,W,3007 _ W,3
S2,170,D,1168,3010,W,3010 _ W,3
S2,170,W,1168,3013,W,3013 _ W,3
S2,170,D,1169,3016,W,3016 _ W,3
S2,170,W,1169,3019,W,3019 _ W,3
S2,170,D,1170,3022,W,3022 _ W,3
S2,170,W,1170,3025,W,3025 _ W,3
S2,170,D,1171,3028,W,3028 _ W,3
S2,170,W,1171,3031,W,3031 _ W,3
S2,170,D,1172,3034,W,3034 _ W,3
S2,170,W,1172,3037,W,3037 _ W,3
S2,170,D,1173,3040,W,3040 _ W,3
S2,170,W,1173,3043,W,3043 _ W,3
S2,172,D,1174,3046,W,3046 _ W,3
S2,172,W,1174,3049,W,3049 _ W,3
S2,172,D,1175,3052,W,3052 _ W,3
S2,172,W,1175,3055,W,3055 _ W,3
S2,172,D,1176,3058,W,3058 _ W,3
S2,172,W,1176,3061,W,3061 _ W,3
S2,172,D,1177,3064,W,3064 _ W,3
S2,172,W,1177,3067,W,3067 _ W,3
S2,172,D,1178,3070,W,3070 _ W,3
S2,172,W,1178,3073,W,3073 _ W,3
S2,172,D,1179,3076,W,3076 _ W,3
S2,172,W,1179,3079,W,3079 _ W,3
S2,342,D,1180,3082,W,3082 _ W,3
S2,342,W,1180,3085,W,3085 _ W,3
S2,342,D,1181,3088,W,3088 _ W,3
S2,342,W,1181,3091,W,3091 _ W,3
S2,342,D,1182,3094,W,3094 _ W,3
S2,342,W,1182,3097,W,3097 _ W,3
S2,342,D,1183,3100,W,3100 _ W,3
S2,342,W,1183,3103,W,3103 _ W,3
S2,342,D,1184,3106,W,3106 _ W,3
S2,342,W,1184,3109,W,3109 _ W,3
S2,342,D,1185,3112,W,3112 _ W,3
S2,342,W,1185,3115,W,3115 _ W,3
S2,343,D,1186,3118,W,3118 _ W,3
S2,343,W,1186,3121,W,3121 _ W,3
S2,343,D,1187,3124,W,3124 _ W,3
S2,343,W,1187,3127,W,3127 _ W,3
S2,343,D,1188,3130,W,3130 _ W,3
S2,343,W,1188,3133,W,3133 _ W,3
S2,343,D,1189,3136,W,3136 _ W,3
S2,343,W,1189,3139,W,3139 _ W,3
S2,343,D,1190,3142,W,3142 _ W,3
S2,343,W,1190,3145,W,3145 _ W,3
S2,343,D,1191,3148,W,3148 _ W,3
S2,343,W,1191,3151,W,3151 _ W,3
S2,344,D,1192,3154,W,3154 _ W,3
S2,344,W,1192,3157,W,3157 _ W,3
S2,344,D,1193,3160,W,3160 _ W,3
S2,344,W,1193,3163,W,3163 _ W,3
S2,344,D,1194,3166,W,3166 _ W,3
S2,344,W,1194,3169,W,3169 _ W,3
S2,344,D,1195,3172,W,3172 _ W,3
S2,344,W,1195,3175,W,3175 _ W,3
S2,344,D,1196,3178,W,3178 _ W,3
S2,344,W,1196,3181,W,3181 _ W,3
S2,344,D,1197,3184,W,3184 _ W,3
S2,344,W,1197,3187,W,3187 _ W,3
S2,345,D,1198,3190,W,3190 _ W,3
S2,345,W,1198,3193,W,3193 _ W,3
S2,345,D,1199,3196,W,3196 _ W,3
S2,345,W,1199,3199,W,3199 _ W,3
S2,345,D,1200,3202,W,3202 _ W,3
S2,345,W,1200,3205,W,3205 _ W,3
S2,345,D,1201,3208,W,3208 _ W,3
S2,345,W,1201,3211,W,3211 _ W,3
S2,345,D,1202,3214,W,3214 _ W,3
S2,345,W,1202,3217,W,3217 _ W,3
S2,345,D,1203,3220,W,3220 _ W,3
S2,345,W,1203,3223,W,3223 _ W,3
S2,349,D,1204,3226,W,3226 _ W,3
S2,349,W,1204,3229,W,3229 _ W,3
S2,349,D,1205,3232,W,3232 _ W,3
S2,349,W,1205,3235,W,3235 _ W,3
S2,349,D,1206,3238,W,3238 _ W,3
S2,349,W,1206,3241,W,3241 _ W,3
S2,349,D,1207,3244,W,3244 _ W,3
S2,349,W,1207,3247,W,3247 _ W,3
S2,349,D,1208,3250,W,3250 _ W,3
S2,349,W,1208,3253,W,3253 _ W,3
S2,349,D,1209,3256,W,3256 _ W,3
S2,349,W,1209,3259,W,3259 _ W,3
S2,371,D,1210,3262,W,3262 _ W,3
S2,371,W,1210,3265,W,3265 _ W,3
S2,371,D,1211,3268,W,3268 _ W,3
S2,371,W,1211,3271,W,3271 _ W,3
S2,371,D,1212,3274,W,3274 _ W,3
S2,371,W,1212,3277,W,3277 _ W,3
S2,371,D,1213,3280,W,3280 _ W,3
S2,371,W,1213,3283,W,3283 _ W,3
S2,371,D,1214,3286,W,3286 _ W,3
S2,371,W,1214,3289,W,3289 _ W,3
S2,371,D,1215,3292,W,3292 _ W,3
S2,371,W,1215,3295,W,3295 _ W,3
S2,372,D,1216,3298,W,3298 _ W,3
S2,372,W,1216,3301,W,3301 _ W,3
S2,372,D,1217,3304,W,3304 _ W,3
S2,372,W,1217,3307,W,3307 _ W,3
S2,372,D,1218,3310,W,3310 _ W,3
S2,372,W,1218,3313,W,3313 _ W,3
S2,372,D,1219,3316,W,3316 _ W,3
S2,372,W,1219,3319,W,3319 _ W,3
S2,372,D,1220,3322,W,3322 _ W,3
S2,372,W,1220,3325,W,3325 _ W,3
S2,372,D,1221,3328,W,3328 _ W,3
S2,372,W,1221,3331,W,3331 _ W,3
S2,373,D,1222,3334,W,3334 _ W,3
S2,373,W,1222,3337,W,3337 _ W,3
S2,373,D,1223,3340,W,3340 _ W,3
S2,373,W,1223,3343,W,3343 _ W,3
S2,373,D,1224,3346,W,3346 _ W,3
S2,373,W,1224,3349,W,3349 _ W,3
S2,373,D,1225,3352,W,3352 _ W,3
S2,373,W,1225,3355,W,3355 _ W,3
S2,373,D,1226,3358,W,3358 _ W,3
S2,373,W,1226,3361,W,3361 _ W,3
S2,373,D,1227,3364,W,3364 _ W,3
S2,373,W,1227,3367,W,3367 _ W,3
S2,374,D,1228,3370,W,3370 _ W,3
S2,374,W,1228,3373,W,3373 _ W,3
S2,374,D,1229,3376,W,3376 _ W,3
S2,374,W,1229,3379,W,3379 _ W,3
S2,374,D,1230,3382,W,3382 _ W,3
S2,374,W,1230,3385,W,3385 _ W,3
S2,374,D,1231,3388,W,3388 _ W,3
S2,374,W,1231,3391,W,3391 _ W,3
S2,374,D,1232,3394,W,3394 _ W,3
S2,374,W,1232,3397,W,3397 _ W,3
S2,374,D,1233,3400,W,3400 _ W,3
S2,374,W,1233,3403,W,3403 _ W,3
S2,375,D,1234,3406,W,3406 _ W,3
S2,375,W,1234,3409,W,3409 _ W,3
S2,375,D,1235,3412,W,3412 _ W,3
S2,375,W,1235,3415,W,3415 _ W,3
S2,375,D,1236,3418,W,3418 _ W,3
S2,375,W,1236,3421,W,3421 _ W,3
S2,375,D,1237,3424,W,3424 _ W,3
S2,375,W,1237,3427,W,3427 _ W,3
S2,375,D,1238,3430,W,3430 _ W,3
S2,375,W,1238,3433,W,3433 _ W,3
S2,375,D,1239,3436,W,3436 _ W,3
S2,375,W,1239,3439,W,3439 _ W,3
S2,1,D,1000,2002,D,2002 _ D,3
S2,1,W,1000,2005,D,2005 _ D,3
S2,1,D,1001,2008,D,2008 _ D,3
S2,1,W,1001,2011,D,2011 _ D,3
S2,1,D,1002,2014,D,2014 _ D,3
S2,1,W,1002,2017,D,2017 _ D,3
S2,1,D,1003,2020,D,2020 _ D,3
S2,1,W,1003,2023,D,2023 _ D,3
S2,1,D,1004,2026,D,2026 _ D,3
S2,1,W,1004,2029,D,2029 _ D,3
S2,1,D,1005,2032,D,2032 _ D,3
S2,1,W,1005,2035,D,2035 _ D,3
S2,3,D,1006,2038,D,2038 _ D,3
S2,3,W,1006,2041,D,2041 _ D,3
S2,3,D,1007,2044,D,2044 _ D,3
S2,3,W,1007,2047,D,2047 _ D,3
S2,3,D,1008,2050,D,2050 _ D,3
S2,3,W,1008,2053,D,2053 _ D,3
S2,3,D,1009,2056,D,2056 _ D,3
S2,3,W,1009,2059,D,2059 _ D,3
S2,3,D,1010,2062,D,2062 _ D,3
S2,3,W,1010,2065,D,2065 _ D,3
S2,3,D,1011,2068,D,2068 _ D,3
S2,3,W,1011,2071,D,2071 _ D,3
S2,4,D,1012,2074,D,2074 _ D,3
S2,4,W,1012,2077,D,2077 _ D,3
S2,4,D,1013,2080,D,2080 _ D,3
S2,4,W,1013,2083,D,2083 _ D,3
S2,4,D,1014,2086,D,2086 _ D,3
S2,4,W,1014,2089,D,2089 _ D,3
S2,4,D,1015,2092,D,2092 _ D,3
S2,4,W,1015,2095,D,2095 _ D,3
S2,4,D,1016,2098,D,2098 _ D,3
S2,4,W,1016,2101,D,2101 _ D,3
S2,4,D,1017,2104,D,2104 _ D,3
S2,4,W,1017,2107,D,2107 _ D,3
S2,6,D,1018,2110,D,2110 _ D,3
S2,6,W,1018,2113,D,2113 _ D,3
S2,6,D,1019,2116,D,2116 _ D,3
S2,6,W,1019,2119,D,2119 _ D,3
S2,6,D,1020,2122,D,2122 _ D,3
S2,6,W,1020,2125,D,2125 _ D,3
S2,6,D,1021,2128,D,2128 _ D,3
S2,6,W,1021,2131,D,2131 _ D,3
S2,6,D,1022,2134,D,2134 _ D,3
S2,6,W,1022,2137,D,2137 _ D,3
S2,6,D,1023,2140,D,2140 _ D,3
S2,6,W,1023,2143,D,2143 _ D,3
S2,7,D,1024,2146,D,2146 _ D,3
S2,7,W,1024,2149,D,2149 _ D,3
S2,7,D,1025,2152,D,2152 _ D,3
S2,7,W,1025,2155,D,2155 _ D,3
S2,7,D,1026,2158,D,2158 _ D,3
S2,7,W,1026,2161,D,2161 _ D,3
S2,7,D,1027,2164,D,2164 _ D,3
S2,7,W,1027,2167,D,2167 _ D,3
S2,7,D,1028,2170,D,2170 _ D,3
S2,7,W,1028,2173,D,2173 _ D,3
S2,7,D,1029,2176,D,2176 _ D,3
S2,7,W,1029,2179,D,2179 _ D,3
S2,28,D,1030,2182,D,2182 _ D,3
S2,28,W,1030,2185,D,2185 _ D,3
S2,28,D,1031,2188,D,2188 _ D,3
S2,28,W,1031,2191,D,2191 _ D,3
S2,28,D,1032,2194,D,2194 _ D,3
S2,28,W,1032,2197,D,2197 _ D,3
S2,28,D,1033,2200,D,2200 _ D,3
S2,28,W,1033,2203,D,2203 _ D,3
S2,28,D,1034,2206,D,2206 _ D,3
S2,28,W,1034,2209,D,2209 _ D,3
S2,28,D,1035,2212,D,2212 _ D,3
S2,28,W,1035,2215,D,2215 _ D,3
S2,29,D,1036,2218,D,2218 _ D,3
S2,29,W,1036,2221,D,2221 _ D,3
S2,29,D,1037,2224,D,2224 _ D,3
S2,29,W,1037,2227,D,2227 _ D,3
S2,29,D,1038,2230,D,2230 _ D,3
S2,29,W,1038,2233,D,2233 _ D,3
S2,29,D,1039,2236,D,2236 _ D,3
S2,29,W,1039,2239,D,2239 _ D,3
S2,29,D,1040,2242,D,2242 _ D,3
S2,29,W,1040,2245,D,2245 _ D,3
S2,29,D,1041,2248,D,2248 _ D,3
S2,29,W,1041,2251,D,2251 _ D,3
S2,32,D,1042,2254,D,2254 _ D,3
S2,32,W,1042,2257,D,2257 _ D,3
S2,32,D,1043,2260,D,2260 _ D,3
S2,32,W,1043,2263,D,2263 _ D,3
S2,32,D,1044,2266,D,2266 _ D,3
S2,32,W,1044,2269,D,2269 _ D,3
S2,32,D,1045,2272,D,2272 _ D,3
S2,32,W,1045,2275,D,2275 _ D,3
S2,32,D,1046,2278,D,2278 _ D,3
S2,32,W,1046,2281,D,2281 _ D,3
S2,32,D,1047,2284,D,2284 _ D,3
S2,32,W,1047,2287,D,2287 _ D,3
S2,35,D,1048,2290,D,2290 _ D,3
S2,35,W,1048,2293,D,2293 _ D,3
S2,35,D,1049,2296,D,2296 _ D,3
S2,35,W,1049,2299,D,2299 _ D,3
S2,35,D,1050,2302,D,2302 _ D,3
S2,35,W,1050,2305,D,2305 _ D,3
S2,35,D,1051,2308,D,2308 _ D,3
S2,35,W,1051,2311,D,2311 _ D,3
S2,35,D,1052,2314,D,2314 _ D,3
S2,35,W,1052,2317,D,2317 _ D,3
S2,35,D,1053,2320,D,2320 _ D,3
S2,35,W,1053,2323,D,2323 _ D,3
S2,37,D,1054,2326,D,2326 _ D,3
S2,37,W,1054,2329,D,2329 _ D,3
S2,37,D,1055,2332,D,2332 _ D,3
S2,37,W,1055,2335,D,2335 _ D,3
S2,37,D,1056,2338,D,2338 _ D,3
S2,37,W,1056,2341,D,2341 _ D,3
S2,37,D,1057,2344,D,2344 _ D,3
S2,37,W,1057,2347,D,2347 _ D,3
S2,37,D,1058,2350,D,2350 _ D,3
S2,37,W,1058,2353,D,2353 _ D,3
S2,37,D,1059,2356,D,2356 _ D,3
S2,37,W,1059,2359,D,2359 _ D,3
S2,38,D,1060,2362,D,2362 _ D,3
S2,38,W,1060,2365,D,2365 _ D,3
S2,38,D,1061,2368,D,2368 _ D,3
S2,38,W,1061,2371,D,2371 _ D,3
S2,38,D,1062,2374,D,2374 _ D,3
S2,38,W,1062,2377,D,2377 _ D,3
S2,38,D,1063,2380,D,2380 _ D,3
S2,38,W,1063,2383,D,2383 _ D,3
S2,38,D,1064,2386,D,2386 _ D,3
S2,38,W,1064,2389,D,2389 _ D,3
S2,38,D,1065,2392,D,2392 _ D,3
S2,38,W,1065,2395,D,2395 _ D,3
S2,39A,D,1066,2398,D,2398 _ D,3
S2,39A,W,1066,2401,D,2401 _ D,3
S2,39A,D,1067,2404,D,2404 _ D,3
S2,39A,W,1067,2407,D,2407 _ D,3
S2,39A,D,1068,2410,D,2410 _ D,3
S2,39A,W,1068,2413,D,2413 _ D,3
S2,39A,D,1069,2416,D,2416 _ D,3
S2,39A,W,1069,2419,D,2419 _ D,3
S2,39A,D,1070,2422,D,2422 _ D,3
S2,39A,W,1070,2425,D,2425 _ D,3
S2,39A,D,1071,2428,D,2428 _ D,3
S2,39A,W,1071,2431,D,2431 _ D,3
S2,39B,D,1072,2434,D,2434 _ D,3
S2,39B,W,1072,2437,D,2437 _ D,3
S2,39B,D,1073,2440,D,2440 _ D,3
S2,39B,W,1073,2443,D,2443 _ D,3
S2,39B,D,1074,2446,D,2446 _ D,3
S2,39B,W,1074,2449,D,2449 _ D,3
S2,39B,D,1075,2452,D,2452 _ D,3
S2,39B,W,1075,2455,D,2455 _ D,3
S2,39B,D,1076,2458,D,2458 _ D,3
S2,39B,W,1076,2461,D,2461 _ D,3
S2,39B,D,1077,2464,D,2464 _ D,3
S2,39B,W,1077,2467,D,2467 _ D,3
S2,40,D,1078,2470,D,2470 _ D,3
S2,40,W,1078,2473,D,2473 _ D,3
S2,40,D,1079,2476,D,2476 _ D,3
S2,40,W,1079,2479,D,2479 _ D,3
S2,40,D,1080,2482,D,2482 _ D,3
S2,40,W,1080,2485,D,2485 _ D,3
S2,40,D,1081,2488,D,2488 _ D,3
S2,40,W,1081,2491,D,2491 _ D,3
S2,40,D,1082,2494,D,2494 _ D,3
S2,40,W,1082,2497,D,2497 _ D,3
S2,40,D,1083,2500,D,2500 _ D,3
S2,40,W,1083,2503,D,2503 _ D,3
S2,41,D,1084,2506,D,2506 _ D,3
S2,41,W,1084,2509,D,2509 _ D,3
S2,41,D,1085,2512,D,2512 _ D,3
S2,41,W,1085,2515,D,2515 _ D,3
S2,41,D,1086,2518,D,2518 _ D,3
S2,41,W,1086,2521,D,2521 _ D,3
S2,41,D,1087,2524,D,2524 _ D,3
S2,41,W,1087,2527,D,2527 _ D,3
S2,41,D,1088,2530,D,2530 _ D,3
S2,41,W,1088,2533,D,2533 _ D,3
S2,41,D,1089,2536,D,2536 _ D,3
S2,41,W,1089,2539,D,2539 _ D,3
S2,49,D,1090,2542,D,2542 _ D,3
S2,49,W,1090,2545,D,2545 _ D,3
S2,49,D,1091,2548,D,2548 _ D,3
S2,49,W,1091,2551,D,2551 _ D,3
S2,49,D,1092,2554,D,2554 _ D,3
S2,49,W,1092,2557,D,2557 _ D,3
S2,49,D,1093,2560,D,2560 _ D,3
S2,49,W,1093,2563,D,2563 _ D,3
S2,49,D,1094,2566,D,2566 _ D,3
S2,49,W,1094,2569,D,2569 _ D,3
S2,49,D,1095,2572,D,2572 _ D,3
S2,49,W,1095,2575,D,2575 _ D,3
S2,51,D,1096,2578,D,2578 _ D,3
S2,51,W,1096,2581,D,2581 _ D,3
S2,51,D,1097,2584,D,2584 _ D,3
S2,51,W,1097,2587,D,2587 _ D,3
S2,51,D,1098,2590,D,2590 _ D,3
S2,51,W,1098,2593,D,2593 _ D,3
S2,51,D,1099,2596,D,2596 _ D,3
S2,51,W,1099,2599,D,2599 _ D,3
S2,51,D,1100,2602,D,2602 _ D,3
S2,51,W,1100,2605,D,2605 _ D,3
S2,51,D,1101,2608,D,2608 _ D,3
S2,51,W,1101,2611,D,2611 _ D,3
S2,52,D,1102,2614,D,2614 _ D,3
S2,52,W,1102,2617,D,2617 _ D,3
S2,52,D,1103,2620,D,2620 _ D,3
S2,52,W,1103,2623,D,2623 _ D,3
S2,52,D,1104,2626,D,2626 _ D,3
S2,52,W,1104,2629,D,2629 _ D,3
S2,52,D,1105,2632,D,2632 _ D,3
S2,52,W,1105,2635,D,2635 _ D,3
S2,52,D,1106,2638,D,2638 _ D,3
S2,52,W,1106,2641,D,2641 _ D,3
S2,52,D,1107,2644,D,2644 _ D,3
S2,52,W,1107,2647,D,2647 _ D,3
S2,54,D,1108,2650,D,2650 _ D,3
S2,54,W,1108,2653,D,2653 _ D,3
S2,54,D,1109,2656,D,2656 _ D,3
S2,54,W,1109,2659,D,2659 _ D,3
S2,54,D,1110,2662,D,2662 _ D,3
S2,54,W,1110,2665,D,2665 _ D,3
S2,54,D,1111,2668,D,2668 _ D,3
S2,54,W,1111,2671,D,2671 _ D,3
S2,54,D,1112,2674,D,2674 _ D,3
S2,54,W,1112,2677,D,2677 _ D,3
S2,54,D,1113,2680,D,2680 _ D,3
S2,54,W,1113,2683,D,2683 _ D,3
S2,57,D,1114,2686,D,2686 _ D,3
S2,57,W,1114,2689,D,2689 _ D,3
S2,57,D,1115,2692,D,2692 _ D,3
S2,57,W,1115,2695,D,2695 _ D,3
S2,57,D,1116,2698,D,2698 _ D,3
S2,57,W,1116,2701,D,2701 _ D,3
S2,57,D,1117,2704,D,2704 _ D,3
S2,57,W,1117,2707,D,2707 _ D,3
S2,57,D,1118,2710,D,2710 _ D,3
S2,57,W,1118,2713,D,2713 _ D,3
S2,57,D,1119,2716,D,2716 _ D,3
S2,57,W,1119,2719,D,2719 _ D,3
S2,148,D,1120,2722,D,2722 _ D,3
S2,148,W,1120,2725,D,2725 _ D,3
S2,148,D,1121,2728,D,2728 _ D,3
S2,148,W,1121,2731,D,2731 _ D,3
S2,148,D,1122,2734,D,2734 _ D,3
S2,148,W,1122,2737,D,2737 _ D,3
S2,148,D,1123,2740,D,2740 _ D,3
S2,148,W,1123,2743,D,2743 _ D,3
S2,148,D,1124,2746,D,2746 _ D,3
S2,148,W,1124,2749,D,2749 _ D,3
S2,148,D,1125,2752,D,2752 _ D,3
S2,148,W,1125,2755,D,2755 _ D,3
S2,152,D,1126,2758,D,2758 _ D,3
S2,152,W,1126,2761,D,2761 _ D,3
S2,152,D,1127,2764,D,2764 _ D,3
S2,152,W,1127,2767,D,2767 _ D,3
S2,152,D,1128,2770,D,2770 _ D,3
S2,152,W,1128,2773,D,2773 _ D,3
S2,152,D,1129,2776,D,2776 _ D,3
S2,152,W,1129,2779,D,2779 _ D,3
S2,152,D,1130,2782,D,2782 _ D,3
S2,152,W,1130,2785,D,2785 _ D,3
S2,152,D,1131,2788,D,2788 _ D,3
S2,152,W,1131,2791,D,2791 _ D,3
S2,153,D,1132,2794,D,2794 _ D,3
S2,153,W,1132,2797,D,2797 _ D,3
S2,153,D,1133,2800,D,2800 _ D,3
S2,153,W,1133,2803,D,2803 _ D,3
S2,153,D,1134,2806,D,2806 _ D,3
S2,153,W,1134,2809,D,2809 _ D,3
S2,153,D,1135,2812,D,2812 _ D,3
S2,153,W,1135,2815,D,2815 _ D,3
S2,153,D,1136,2818,D,2818 _ D,3
S2,153,W,1136,2821,D,2821 _ D,3
S2,153,D,1137,2824,D,2824 _ D,3
S2,153,W,1137,2827,D,2827 _ D,3
S2,154,D,1138,2830,D,2830 _ D,3
S2,154,W,1138,2833,D,2833 _ D,3
S2,154,D,1139,2836,D,2836 _ D,3
S2,154,W,1139,2839,D,2839 _ D,3
S2,154,D,1140,2842,D,2842 _ D,3
S2,154,W,1140,2845,D,2845 _ D,3
S2,154,D,1141,2848,D,2848 _ D,3
S2,154,W,1141,2851,D,2851 _ D,3
S2,154,D,1142,2854,D,2854 _ D,3
S2,154,W,1142,2857,D,2857 _ D,3
S2,154,D,1143,2860,D,2860 _ D,3
S2,154,W,1143,2863,D,2863 _ D,3
S2,155,D,1144,2866,D,2866 _ D,3
S2,155,W,1144,2869,D,2869 _ D,3
S2,155,D,1145,2872,D,2872 _ D,3
S2,155,W,1145,2875,D,2875 _ D,3
S2,155,D,1146,2878,D,2878 _ D,3
S2,155,W,1146,2881,D,2881 _ D,3
S2,155,D,1147,2884,D,2884 _ D,3
S2,155,W,1147,2887,D,2887 _ D,3
S2,155,D,1148,2890,D,2890 _ D,3
S2,155,W,1148,2893,D,2893 _ D,3
S2,155,D,1149,2896,D,2896 _ D,3
S2,155,W,1149,2899,D,2899 _ D,3
S2,164,D,1150,2902,D,2902 _ D,3
S2,164,W,1150,2905,D,2905 _ D,3
S2,164,D,1151,2908,D,2908 _ D,3
S2,164,W,1151,2911,D,2911 _ D,3
S2,164,D,1152,2914,D,2914 _ D,3
S2,164,W,1152,2917,D,2917 _ D,3
S2,164,D,1153,2920,D,2920 _ D,3
S2,164,W,1153,2923,D,2923 _ D,3
S2,164,D,1154,2926,D,2926 _ D,3
S2,164,W,1154,2929,D,2929 _ D,3
S2,164,D,1155,2932,D,2932 _ D,3
S2,164,W,1155,2935,D,2935 _ D,3
S2,166,D,1156,2938,D,2938 _ D,3
S2,166,W,1156,2941,D,2941 _ D,3
S2,166,D,1157,2944,D,2944 _ D,3
S2,166,W,1157,2947,D,2947 _ D,3
S2,166,D,1158,2950,D,2950 _ D,3
S2,166,W,1158,2953,D,2953 _ D,3
S2,166,D,1159,2956,D,2956 _ D,3
S2,166,W,1159,2959,D,2959 _ D,3
S2,166,D,1160,2962,D,2962 _ D,3
S2,166,W,1160,2965,D,2965 _ D,3
S2,166,D,1161,2968,D,2968 _ D,3
S2,166,W,1161,2971,D,2971 _ D,3
S2,167,D,1162,2974,D,2974 _ D,3
S2,167,W,1162,2977,D,2977 _ D,3
S2,167,D,1163,2980,D,2980 _ D,3
S2,167,W,1163,2983,D,2983 _ D,3
S2,167,D,1164,2986,D,2986 _ D,3
S2,167,W,1164,2989,D,2989 _ D,3
S2,167,D,1165,2992,D,2992 _ D,3
S2,167,W,1165,2995,D,2995 _ D,3
S2,167,D,1166,2998,D,2998 _ D,3
S2,167,W,1166,3001,D,3001 _ D,3
S2,167,D,1167,3004,D,3004 _ D,3
S2,167,W,1167,3007,D,3007 _ D,3
S2,170,D,1168,3010,D,3010 _ D,3
S2,170,W,1168,3013,D,3013 _ D,3
S2,170,D,1169,3016,D,3016 _ D,3
S2,170,W,1169,3019,D,3019 _ D,3
S2,170,D,1170,3022,D,3022 _ D,3
S2,170,W,1170,3025,D,3025 _ D,3
S2,170,D,1171,3028,D,3028 _ D,3
S2,170,W,1171,3031,D,3031 _ D,3
S2,170,D,1172,3034,D,3034 _ D,3
S2,170,W,1172,3037,D,3037 _ D,3
S2,170,D,1173,3040,D,3040 _ D,3
S2,170,W,1173,3043,D,3043 _ D,3
S2,172,D,1174,3046,D,3046 _ D,3
S2,172,W,1174,3049,D,3049 _ D,3
S2,172,D,1175,3052,D,3052 _ D,3
S2,172,W,1175,3055,D,3055 _ D,3
S2,172,D,1176,3058,D,3058 _ D,3
S2,172,W,1176,3061,D,3061 _ D,3
S2,172,D,1177,3064,D,3064 _ D,3
S2,172,W,1177,3067,D,3067 _ D,3
S2,172,D,1178,3070,D,3070 _ D,3
S2,172,W,1178,3073,D,3073 _ D,3
S2,172,D,1179,3076,D,3076 _ D,3
S2,172,W,1179,3079,D,3079 _ D,3
S2,342,D,1180,3082,D,3082 _ D,3
S2,342,W,1180,3085,D,3085 _ D,3
S2,342,D,1181,3088,D,3088 _ D,3
S2,342,W,1181,3091,D,3091 _ D,3
S2,342,D,1182,3094,D,3094 _ D,3
S2,342,W,1182,3097,D,3097 _ D,3
S2,342,D,1183,3100,D,3100 _ D,3
S2,342,W,1183,3103,D,3103 _ D,3
S2,342,D,1184,3106,D,3106 _ D,3
S2,342,W,1184,3109,D,3109 _ D,3
S2,342,D,1185,3112,D,3112 _ D,3
S2,342,W,1185,3115,D,3115 _ D,3
S2,343,D,1186,3118,D,3118 _ D,3
S2,343,W,1186,3121,D,3121 _ D,3
S2,343,D,1187,3124,D,3124 _ D,3
S2,343,W,1187,3127,D,3127 _ D,3
S2,343,D,1188,3130,D,3130 _ D,3
S2,343,W,1188,3133,D,3133 _ D,3
S2,343,D,1189,3136,D,3136 _ D,3
S2,343,W,1189,3139,D,3139 _ D,3
S2,343,D,1190,3142,D,3142 _ D,3
S2,343,W,1190,3145,D,3145 _ D,3
S2,343,D,1191,3148,D,3148 _ D,3
S2,343,W,1191,3151,D,3151 _ D,3
S2,344,D,1192,3154,D,3154 _ D,3
S2,344,W,1192,3157,D,3157 _ D,3
S2,344,D,1193,3160,D,3160 _ D,3
S2,344,W,1193,3163,D,3163 _ D,3
S2,344,D,1194,3166,D,3166 _ D,3
S2,344,W,1194,3169,D,3169 _ D,3
S2,344,D,1195,3172,D,3172 _ D,3
S2,344,W,1195,3175,D,3175 _ D,3
S2,344,D,1196,3178,D,3178 _ D,3
S2,344,W,1196,3181,D,3181 _ D,3
S2,344,D,1197,3184,D,3184 _ D,3
S2,344,W,1197,3187,D,3187 _ D,3
S2,345,D,1198,3190,D,3190 _ D,3
S2,345,W,1198,3193,D,3193 _ D,3
S2,345,D,1199,3196,D,3196 _ D,3
S2,345,W,1199,3199,D,3199 _ D,3
S2,345,D,1200,3202,D,3202 _ D,3
S2,345,W,1200,3205,D,3205 _ D,3
S2,345,D,1201,3208,D,3208 _ D,3
S2,345,W,1201,3211,D,3211 _ D,3
S2,345,D,1202,3214,D,3214 _ D,3
S2,345,W,1202,3217,D,3217 _ D,3
S2,345,D,1203,3220,D,3220 _ D,3
S2,345,W,1203,3223,D,3223 _ D,3
S2,349,D,1204,3226,D,3226 _ D,3
S2,349,W,1204,3229,D,3229 _ D,3
S2,349,D,1205,3232,D,3232 _ D,3
S2,349,W,1205,3235,D,3235 _ D,3
S2,349,D,1206,3238,D,3238 _ D,3
S2,349,W,1206,3241,D,3241 _ D,3
S2,349,D,1207,3244,D,3244 _ D,3
S2,349,W,1207,3247,D,3247 _ D,3
S2,349,D,1208,3250,D,3250 _ D,3
S2,349,W,1208,3253,D,3253 _ D,3
S2,349,D,1209,3256,D,3256 _ D,3
S2,349,W,1209,3259,D,3259 _ D,3
S2,371,D,1210,3262,D,3262 _ D,3
S2,371,W,1210,3265,D,3265 _ D,3
S2,371,D,1211,3268,D,3268 _ D,3
S2,371,W,1211,3271,D,3271 _ D,3
S2,371,D,1212,3274,D,3274 _ D,3
S2,371,W,1212,3277,D,3277 _ D,3
S2,371,D,1213,3280,D,3280 _ D,3
S2,371,W,1213,3283,D,3283 _ D,3
S2,371,D,1214,3286,D,3286 _ D,3
S2,371,W,1214,3289,D,3289 _ D,3
S2,371,D,1215,3292,D,3292 _ D,3
S2,371,W,1215,3295,D,3295 _ D,3
S2,372,D,1216,3298,D,3298 _ D,3
S2,372,W,1216,3301,D,3301 _ D,3
S2,372,D,1217,3304,D,3304 _ D,3
S2,372,W,1217,3307,D,3307 _ D,3
S2,372,D,1218,3310,D,3310 _ D,3
S2,372,W,1218,3313,D,3313 _ D,3
S2,372,D,1219,3316,D,3316 _ D,3
S2,372,W,1219,3319,D,3319 _ D,3
S2,372,D,1220,3322,D,3322 _ D,3
S2,372,W,1220,3325,D,3325 _ D,3
S2,372,D,1221,3328,D,3328 _ D,3
S2,372,W,1221,3331,D,3331 _ D,3
S2,373,D,1222,3334,D,3334 _ D,3
S2,373,W,1222,3337,D,3337 _ D,3
S2,373,D,1223,3340,D,3340 _ D,3
S2,373,W,1223,3343,D,3343 _ D,3
S2,373,D,1224,3346,D,3346 _ D,3
S2,373,W,1224,3349,D,3349 _ D,3
S2,373,D,1225,3352,D,3352 _ D,3
S2,373,W,1225,3355,D,3355 _ D,3
S2,373,D,1226,3358,D,3358 _ D,3
S2,373,W,1226,3361,D,3361 _ D,3
S2,373,D,1227,3364,D,3364 _ D,3
S2,373,W,1227,3367,D,3367 _ D,3
S2,374,D,1228,3370,D,3370 _ D,3
S2,374,W,1228,3373,D,3373 _ D,3
S2,374,D,1229,3376,D,3376 _ D,3
S2,374,W,1229,3379,D,3379 _ D,3
S2,374,D,1230,3382,D,3382 _ D,3
S2,374,W,1230,3385,D,3385 _ D,3
S2,374,D,1231,3388,D,3388 _ D,3
S2,374,W,1231,3391,D,3391 _ D,3
S2,374,D,1232,3394,D,3394 _ D,3
S2,374,W,1232,3397,D,3397 _ D,3
S2,374,D,1233,3400,D,3400 _ D,3
S2,374,W,1233,3403,D,3403 _ D,3
S2,375,D,1234,3406,D,3406 _ D,3
S2,375,W,1234,3409,D,3409 _ D,3
S2,375,D,1235,3412,D,3412 _ D,3
S2,375,W,1235,3415,D,3415 _ D,3
S2,375,D,1236,3418,D,3418 _ D,3
S2,375,W,1236,3421,D,3421 _ D,3
S2,375,D,1237,3424,D,3424 _ D,3
S2,375,W,1237,3427,D,3427 _ D,3
S2,375,D,1238,3430,D,3430 _ D,3
S2,375,W,1238,3433,D,3433 _ D,3
S2,375,D,1239,3436,D,3436 _ D,3
S2,375,W,1239,3439,D,3439 _ D,3