Generation,Timeline,S0_ID,S1_ID,ID
S2,1,D,1000,2000
S2,1,D,1000,2001
S2,1,D,1000,2002
S2,1,W,1000,2003
S2,1,W,1000,2004
S2,1,W,1000,2005
S2,1,D,1001,2006
S2,1,D,1001,2007
S2,1,D,1001,2008
S2,1,W,1001,2009
S2,1,W,1001,2010
S2,1,W,1001,2011
S2,1,D,1002,2012
S2,1,D,1002,2013
S2,1,D,1002,2014
S2,1,W,1002,2015
S2,1,W,1002,2016
S2,1,W,1002,2017
S2,1,D,1003,2018
S2,1,D,1003,2019
S2,1,D,1003,2020
S2,1,W,1003,2021
S2,1,W,1003,2022
S2,1,W,1003,2023
S2,1,D,1004,2024
S2,1,D,1004,2025
S2,1,D,1004,2026
S2,1,W,1004,2027
S2,1,W,1004,2028
S2,1,W,1004,2029
S2,1,D,1005,2030
S2,1,D,1005,2031
S2,1,D,1005,2032
S2,1,W,1005,2033
S2,1,W,1005,2034
S2,1,W,1005,2035
S2,3,D,1006,2036
S2,3,D,1006,2037
S2,3,D,1006,2038
S2,3,W,1006,2039
S2,3,W,1006,2040
S2,3,W,1006,2041
S2,3,D,1007,2042
S2,3,D,1007,2043
S2,3,D,1007,2044
S2,3,W,1007,2045
S2,3,W,1007,2046
S2,3,W,1007,2047
S2,3,D,1008,2048
S2,3,D,1008,2049
S2,3,D,1008,2050
S2,3,W,1008,2051
S2,3,W,1008,2052
S2,3,W,1008,2053
S2,3,D,1009,2054
S2,3,D,1009,2055
S2,3,D,1009,2056
S2,3,W,1009,2057
S2,3,W,1009,2058
S2,3,W,1009,2059
S2,3,D,1010,2060
S2,3,D,1010,2061
S2,3,D,1010,2062
S2,3,W,1010,2063
S2,3,W,1010,2064
S2,3,W,1010,2065
S2,3,D,1011,2066
S2,3,D,1011,2067
S2,3,D,1011,2068
S2,3,W,1011,2069
S2,3,W,1011,2070
S2,3,W,1011,2071
S2,4,D,1012,2072
S2,4,D,1012,2073
S2,4,D,1012,2074
S2,4,W,1012,2075
S2,4,W,1012,2076
S2,4,W,1012,2077
S2,4,D,1013,2078
S2,4,D,1013,2079
S2,4,D,1013,2080
S2,4,W,1013,2081
S2,4,W,1013,2082
S2,4,W,1013,2083
S2,4,D,1014,2084
S2,4,D,1014,2085
S2,4,D,1014,2086
S2,4,W,1014,2087
S2,4,W,1014,2088
S2,4,W,1014,2089
S2,4,D,1015,2090
S2,4,D,1015,2091
S2,4,D,1015,2092
S2,4,W,1015,2093
S2,4,W,1015,2094
S2,4,W,1015,2095
S2,4,D,1016,2096
S2,4,D,1016,2097
S2,4,D,1016,2098
S2,4,W,1016,2099
S2,4,W,1016,2100
S2,4,W,1016,2101
S2,4,D,1017,2102
S2,4,D,1017,2103
S2,4,D,1017,2104
S2,4,W,1017,2105
S2,4,W,1017,2106
S2,4,W,1017,2107
S2,6,D,1018,2108
S2,6,D,1018,2109
S2,6,D,1018,2110
S2,6,W,1018,2111
S2,6,W,1018,2112
S2,6,W,1018,2113
S2,6,D,1019,2114
S2,6,D,1019,2115
S2,6,D,1019,2116
S2,6,W,1019,2117
S2,6,W,1019,2118
S2,6,W,1019,2119
S2,6,D,1020,2120
S2,6,D,1020,2121
S2,6,D,1020,2122
S2,6,W,1020,2123
S2,6,W,1020,2124
S2,6,W,1020,2125
S2,6,D,1021,2126
S2,6,D,1021,2127
S2,6,D,1021,2128
S2,6,W,1021,2129
S2,6,W,1021,2130
S2,6,W,1021,2131
S2,6,D,1022,2132
S2,6,D,1022,2133
S2,6,D,1022,2134
S2,6,W,1022,2135
S2,6,W,1022,2136
S2,6,W,1022,2137
S2,6,D,1023,2138
S2,6,D,1023,2139
S2,6,D,1023,2140
S2,6,W,1023,2141
S2,6,W,1023,2142
S2,6,W,1023,2143
S2,7,D,1024,2144
S2,7,D,1024,2145
S2,7,D,1024,2146
S2,7,W,1024,2147
S2,7,W,1024,2148
S2,7,W,1024,2149
S2,7,D,1025,2150
S2,7,D,1025,2151
S2,7,D,1025,2152
S2,7,W,1025,2153
S2,7,W,1025,2154
S2,7,W,1025,2155
S2,7,D,1026,2156
S2,7,D,1026,2157
S2,7,D,1026,2158
S2,7,W,1026,2159
S2,7,W,1026,2160
S2,7,W,1026,2161
S2,7,D,1027,2162
S2,7,D,1027,2163
S2,7,D,1027,2164
S2,7,W,1027,2165
S2,7,W,1027,2166
S2,7,W,1027,2167
S2,7,D,1028,2168
S2,7,D,1028,2169
S2,7,D,1028,2170
S2,7,W,1028,2171
S2,7,W,1028,2172
S2,7,W,1028,2173
S2,7,D,1029,2174
S2,7,D,1029,2175
S2,7,D,1029,2176
S2,7,W,1029,2177
S2,7,W,1029,2178
S2,7,W,1029,2179
S2,28,D,1030,2180
S2,28,D,1030,2181
S2,28,D,1030,2182
S2,28,W,1030,2183
S2,28,W,1030,2184
S2,28,W,1030,2185
S2,28,D,1031,2186
S2,28,D,1031,2187
S2,28,D,1031,2188
S2,28,W,1031,2189
S2,28,W,1031,2190
S2,28,W,1031,2191
S2,28,D,1032,2192
S2,28,D,1032,2193
S2,28,D,1032,2194
S2,28,W,1032,2195
S2,28,W,1032,2196
S2,28,W,1032,2197
S2,28,D,1033,2198
S2,28,D,1033,2199
S2,28,D,1033,2200
S2,28,W,1033,2201
S2,28,W,1033,2202
S2,28,W,1033,2203
S2,28,D,1034,2204
S2,28,D,1034,2205
S2,28,D,1034,2206
S2,28,W,1034,2207
S2,28,W,1034,2208
S2,28,W,1034,2209
S2,28,D,1035,2210
S2,28,D,1035,2211
S2,28,D,1035,2212
S2,28,W,1035,2213
S2,28,W,1035,2214
S2,28,W,1035,2215
S2,29,D,1036,2216
S2,29,D,1036,2217
S2,29,D,1036,2218
S2,29,W,1036,2219
S2,29,W,1036,2220
S2,29,W,1036,2221
S2,29,D,1037,2222
S2,29,D,1037,2223
S2,29,D,1037,2224
S2,29,W,1037,2225
S2,29,W,1037,2226
S2,29,W,1037,2227
S2,29,D,1038,2228
S2,29,D,1038,2229
S2,29,D,1038,2230
S2,29,W,1038,2231
S2,29,W,1038,2232
S2,29,W,1038,2233
S2,29,D,1039,2234
S2,29,D,1039,2235
S2,29,D,1039,2236
S2,29,W,1039,2237
S2,29,W,1039,2238
S2,29,W,1039,2239
S2,29,D,1040,2240
S2,29,D,1040,2241
S2,29,D,1040,2242
S2,29,W,1040,2243
S2,29,W,1040,2244
S2,29,W,1040,2245
S2,29,D,1041,2246
S2,29,D,1041,2247
S2,29,D,1041,2248
S2,29,W,1041,2249
S2,29,W,1041,2250
S2,29,W,1041,2251
S2,32,D,1042,2252
S2,32,D,1042,2253
S2,32,D,1042,2254
S2,32,W,1042,2255
S2,32,W,1042,2256
S2,32,W,1042,2257
S2,32,D,1043,2258
S2,32,D,1043,2259
S2,32,D,1043,2260
S2,32,W,1043,2261
S2,32,W,1043,2262
S2,32,W,1043,2263
S2,32,D,1044,2264
S2,32,D,1044,2265
S2,32,D,1044,2266
S2,32,W,1044,2267
S2,32,W,1044,2268
S2,32,W,1044,2269
S2,32,D,1045,2270
S2,32,D,1045,2271
S2,32,D,1045,2272
S2,32,W,1045,2273
S2,32,W,1045,2274
S2,32,W,1045,2275
S2,32,D,1046,2276
S2,32,D,1046,2277
S2,32,D,1046,2278
S2,32,W,1046,2279
S2,32,W,1046,2280
S2,32,W,1046,2281
S2,32,D,1047,2282
S2,32,D,1047,2283
S2,32,D,1047,2284
S2,32,W,1047,2285
S2,32,W,1047,2286
S2,32,W,1047,2287
S2,35,D,1048,2288
S2,35,D,1048,2289
S2,35,D,1048,2290
S2,35,W,1048,2291
S2,35,W,1048,2292
S2,35,W,1048,2293
S2,35,D,1049,2294
S2,35,D,1049,2295
S2,35,D,1049,2296
S2,35,W,1049,2297
S2,35,W,1049,2298
S2,35,W,1049,2299
S2,35,D,1050,2300
S2,35,D,1050,2301
S2,35,D,1050,2302
S2,35,W,1050,2303
S2,35,W,1050,2304
S2,35,W,1050,2305
S2,35,D,1051,2306
S2,35,D,1051,2307
S2,35,D,1051,2308
S2,35,W,1051,2309
S2,35,W,1051,2310
S2,35,W,1051,2311
S2,35,D,1052,2312
S2,35,D,1052,2313
S2,35,D,1052,2314
S2,35,W,1052,2315
S2,35,W,1052,2316
S2,35,W,1052,2317
S2,35,D,1053,2318
S2,35,D,1053,2319
S2,35,D,1053,2320
S2,35,W,1053,2321
S2,35,W,1053,2322
S2,35,W,1053,2323
S2,37,D,1054,2324
S2,37,D,1054,2325
S2,37,D,1054,2326
S2,37,W,1054,2327
S2,37,W,1054,2328
S2,37,W,1054,2329
S2,37,D,1055,2330
S2,37,D,1055,2331
S2,37,D,1055,2332
S2,37,W,1055,2333
S2,37,W,1055,2334
S2,37,W,1055,2335
S2,37,D,1056,2336
S2,37,D,1056,2337
S2,37,D,1056,2338
S2,37,W,1056,2339
S2,37,W,1056,2340
S2,37,W,1056,2341
S2,37,D,1057,2342
S2,37,D,1057,2343
S2,37,D,1057,2344
S2,37,W,1057,2345
S2,37,W,1057,2346
S2,37,W,1057,2347
S2,37,D,1058,2348
S2,37,D,1058,2349
S2,37,D,1058,2350
S2,37,W,1058,2351
S2,37,W,1058,2352
S2,37,W,1058,2353
S2,37,D,1059,2354
S2,37,D,1059,2355
S2,37,D,1059,2356
S2,37,W,1059,2357
S2,37,W,1059,2358
S2,37,W,1059,2359
S2,38,D,1060,2360
S2,38,D,1060,2361
S2,38,D,1060,2362
S2,38,W,1060,2363
S2,38,W,1060,2364
S2,38,W,1060,2365
S2,38,D,1061,2366
S2,38,D,1061,2367
S2,38,D,1061,2368
S2,38,W,1061,2369
S2,38,W,1061,2370
S2,38,W,1061,2371
S2,38,D,1062,2372
S2,38,D,1062,2373
S2,38,D,1062,2374
S2,38,W,1062,2375
S2,38,W,1062,2376
S2,38,W,1062,2377
S2,38,D,1063,2378
S2,38,D,1063,2379
S2,38,D,1063,2380
S2,38,W,1063,2381
S2,38,W,1063,2382
S2,38,W,1063,2383
S2,38,D,1064,2384
S2,38,D,1064,2385
S2,38,D,1064,2386
S2,38,W,1064,2387
S2,38,W,1064,2388
S2,38,W,1064,2389
S2,38,D,1065,2390
S2,38,D,1065,2391
S2,38,D,1065,2392
S2,38,W,1065,2393
S2,38,W,1065,2394
S2,38,W,1065,2395
S2,39A,D,1066,2396
S2,39A,D,1066,2397
S2,39A,D,1066,2398
S2,39A,W,1066,2399
S2,39A,W,1066,2400
S2,39A,W,1066,2401
S2,39A,D,1067,2402
S2,39A,D,1067,2403
S2,39A,D,1067,2404
S2,39A,W,1067,2405
S2,39A,W,1067,2406
S2,39A,W,1067,2407
S2,39A,D,1068,2408
S2,39A,D,1068,2409
S2,39A,D,1068,2410
S2,39A,W,1068,2411
S2,39A,W,1068,2412
S2,39A,W,1068,2413
S2,39A,D,1069,2414
S2,39A,D,1069,2415
S2,39A,D,1069,2416
S2,39A,W,1069,2417
S2,39A,W,1069,2418
S2,39A,W,1069,2419
S2,39A,D,1070,2420
S2,39A,D,1070,2421
S2,39A,D,1070,2422
S2,39A,W,1070,2423
S2,39A,W,1070,2424
S2,39A,W,1070,2425
S2,39A,D,1071,2426
S2,39A,D,1071,2427
S2,39A,D,1071,2428
S2,39A,W,1071,2429
S2,39A,W,1071,2430
S2,39A,W,1071,2431
S2,39B,D,1072,2432
S2,39B,D,1072,2433
S2,39B,D,1072,2434
S2,39B,W,1072,2435
S2,39B,W,1072,2436
S2,39B,W,1072,2437
S2,39B,D,1073,2438
S2,39B,D,1073,2439
S2,39B,D,1073,2440
S2,39B,W,1073,2441
S2,39B,W,1073,2442
S2,39B,W,1073,2443
S2,39B,D,1074,2444
S2,39B,D,1074,2445
S2,39B,D,1074,2446
S2,39B,W,1074,2447
S2,39B,W,1074,2448
S2,39B,W,1074,2449
S2,39B,D,1075,2450
S2,39B,D,1075,2451
S2,39B,D,1075,2452
S2,39B,W,1075,2453
S2,39B,W,1075,2454
S2,39B,W,1075,2455
S2,39B,D,1076,2456
S2,39B,D,1076,2457
S2,39B,D,1076,2458
S2,39B,W,1076,2459
S2,39B,W,1076,2460
S2,39B,W,1076,2461
S2,39B,D,1077,2462
S2,39B,D,1077,2463
S2,39B,D,1077,2464
S2,39B,W,1077,2465
S2,39B,W,1077,2466
S2,39B,W,1077,2467
S2,40,D,1078,2468
S2,40,D,1078,2469
S2,40,D,1078,2470
S2,40,W,1078,2471
S2,40,W,1078,2472
S2,40,W,1078,2473
S2,40,D,1079,2474
S2,40,D,1079,2475
S2,40,D,1079,2476
S2,40,W,1079,2477
S2,40,W,1079,2478
S2,40,W,1079,2479
S2,40,D,1080,2480
S2,40,D,1080,2481
S2,40,D,1080,2482
S2,40,W,1080,2483
S2,40,W,1080,2484
S2,40,W,1080,2485
S2,40,D,1081,2486
S2,40,D,1081,2487
S2,40,D,1081,2488
S2,40,W,1081,2489
S2,40,W,1081,2490
S2,40,W,1081,2491
S2,40,D,1082,2492
S2,40,D,1082,2493
S2,40,D,1082,2494
S2,40,W,1082,2495
S2,40,W,1082,2496
S2,40,W,1082,2497
S2,40,D,1083,2498
S2,40,D,1083,2499
S2,40,D,1083,2500
S2,40,W,1083,2501
S2,40,W,1083,2502
S2,40,W,1083,2503
S2,41,D,1084,2504
S2,41,D,1084,2505
S2,41,D,1084,2506
S2,41,W,1084,2507
S2,41,W,1084,2508
S2,41,W,1084,2509
S2,41,D,1085,2510
S2,41,D,1085,2511
S2,41,D,1085,2512
S2,41,W,1085,2513
S2,41,W,1085,2514
S2,41,W,1085,2515
S2,41,D,1086,2516
S2,41,D,1086,2517
S2,41,D,1086,2518
S2,41,W,1086,2519
S2,41,W,1086,2520
S2,41,W,1086,2521
S2,41,D,1087,2522
S2,41,D,1087,2523
S2,41,D,1087,2524
S2,41,W,1087,2525
S2,41,W,1087,2526
S2,41,W,1087,2527
S2,41,D,1088,2528
S2,41,D,1088,2529
S2,41,D,1088,2530
S2,41,W,1088,2531
S2,41,W,1088,2532
S2,41,W,1088,2533
S2,41,D,1089,2534
S2,41,D,1089,2535
S2,41,D,1089,2536
S2,41,W,1089,2537
S2,41,W,1089,2538
S2,41,W,1089,2539
S2,49,D,1090,2540
S2,49,D,1090,2541
S2,49,D,1090,2542
S2,49,W,1090,2543
S2,49,W,1090,2544
S2,49,W,1090,2545
S2,49,D,1091,2546
S2,49,D,1091,2547
S2,49,D,1091,2548
S2,49,W,1091,2549
S2,49,W,1091,2550
S2,49,W,1091,2551
S2,49,D,1092,2552
S2,49,D,1092,2553
S2,49,D,1092,2554
S2,49,W,1092,2555
S2,49,W,1092,2556
S2,49,W,1092,2557
S2,49,D,1093,2558
S2,49,D,1093,2559
S2,49,D,1093,2560
S2,49,W,1093,2561
S2,49,W,1093,2562
S2,49,W,1093,2563
S2,49,D,1094,2564
S2,49,D,1094,2565
S2,49,D,1094,2566
S2,49,W,1094,2567
S2,49,W,1094,2568
S2,49,W,1094,2569
S2,49,D,1095,2570
S2,49,D,1095,2571
S2,49,D,1095,2572
S2,49,W,1095,2573
S2,49,W,1095,2574
S2,49,W,1095,2575
S2,51,D,1096,2576
S2,51,D,1096,2577
S2,51,D,1096,2578
S2,51,W,1096,2579
S2,51,W,1096,2580
S2,51,W,1096,2581
S2,51,D,1097,2582
S2,51,D,1097,2583
S2,51,D,1097,2584
S2,51,W,1097,2585
S2,51,W,1097,2586
S2,51,W,1097,2587
S2,51,D,1098,2588
S2,51,D,1098,2589
S2,51,D,1098,2590
S2,51,W,1098,2591
S2,51,W,1098,2592
S2,51,W,1098,2593
S2,51,D,1099,2594
S2,51,D,1099,2595
S2,51,D,1099,2596
S2,51,W,1099,2597
S2,51,W,1099,2598
S2,51,W,1099,2599
S2,51,D,1100,2600
S2,51,D,1100,2601
S2,51,D,1100,2602
S2,51,W,1100,2603
S2,51,W,1100,2604
S2,51,W,1100,2605
S2,51,D,1101,2606
S2,51,D,1101,2607
S2,51,D,1101,2608
S2,51,W,1101,2609
S2,51,W,1101,2610
S2,51,W,1101,2611
S2,52,D,1102,2612
S2,52,D,1102,2613
S2,52,D,1102,2614
S2,52,W,1102,2615
S2,52,W,1102,2616
S2,52,W,1102,2617
S2,52,D,1103,2618
S2,52,D,1103,2619
S2,52,D,1103,2620
S2,52,W,1103,2621
S2,52,W,1103,2622
S2,52,W,1103,2623
S2,52,D,1104,2624
S2,52,D,1104,2625
S2,52,D,1104,2626
S2,52,W,1104,2627
S2,52,W,1104,2628
S2,52,W,1104,2629
S2,52,D,1105,2630
S2,52,D,1105,2631
S2,52,D,1105,2632
S2,52,W,1105,2633
S2,52,W,1105,2634
S2,52,W,1105,2635
S2,52,D,1106,2636
S2,52,D,1106,2637
S2,52,D,1106,2638
S2,52,W,1106,2639
S2,52,W,1106,2640
S2,52,W,1106,2641
S2,52,D,1107,2642
S2,52,D,1107,2643
S2,52,D,1107,2644
S2,52,W,1107,2645
S2,52,W,1107,2646
S2,52,W,1107,2647
S2,54,D,1108,2648
S2,54,D,1108,2649
S2,54,D,1108,2650
S2,54,W,1108,2651
S2,54,W,1108,2652
S2,54,W,1108,2653
S2,54,D,1109,2654
S2,54,D,1109,2655
S2,54,D,1109,2656
S2,54,W,1109,2657
S2,54,W,1109,2658
S2,54,W,1109,2659
S2,54,D,1110,2660
S2,54,D,1110,2661
S2,54,D,1110,2662
S2,54,W,1110,2663
S2,54,W,1110,2664
S2,54,W,1110,2665
S2,54,D,1111,2666
S2,54,D,1111,2667
S2,54,D,1111,2668
S2,54,W,1111,2669
S2,54,W,1111,2670
S2,54,W,1111,2671
S2,54,D,1112,2672
S2,54,D,1112,2673
S2,54,D,1112,2674
S2,54,W,1112,2675
S2,54,W,1112,2676
S2,54,W,1112,2677
S2,54,D,1113,2678
S2,54,D,1113,2679
S2,54,D,1113,2680
S2,54,W,1113,2681
S2,54,W,1113,2682
S2,54,W,1113,2683
S2,57,D,1114,2684
S2,57,D,1114,2685
S2,57,D,1114,2686
S2,57,W,1114,2687
S2,57,W,1114,2688
S2,57,W,1114,2689
S2,57,D,1115,2690
S2,57,D,1115,2691
S2,57,D,1115,2692
S2,57,W,1115,2693
S2,57,W,1115,2694
S2,57,W,1115,2695
S2,57,D,1116,2696
S2,57,D,1116,2697
S2,57,D,1116,2698
S2,57,W,1116,2699
S2,57,W,1116,2700
S2,57,W,1116,2701
S2,57,D,1117,2702
S2,57,D,1117,2703
S2,57,D,1117,2704
S2,57,W,1117,2705
S2,57,W,1117,2706
S2,57,W,1117,2707
S2,57,D,1118,2708
S2,57,D,1118,2709
S2,57,D,1118,2710
S2,57,W,1118,2711
S2,57,W,1118,2712
S2,57,W,1118,2713
S2,57,D,1119,2714
S2,57,D,1119,2715
S2,57,D,1119,2716
S2,57,W,1119,2717
S2,57,W,1119,2718
S2,57,W,1119,2719
S2,148,D,1120,2720
S2,148,D,1120,2721
S2,148,D,1120,2722
S2,148,W,1120,2723
S2,148,W,1120,2724
S2,148,W,1120,2725
S2,148,D,1121,2726
S2,148,D,1121,2727
S2,148,D,1121,2728
S2,148,W,1121,2729
S2,148,W,1121,2730
S2,148,W,1121,2731
S2,148,D,1122,2732
S2,148,D,1122,2733
S2,148,D,1122,2734
S2,148,W,1122,2735
S2,148,W,1122,2736
S2,148,W,1122,2737
S2,148,D,1123,2738
S2,148,D,1123,2739
S2,148,D,1123,2740
S2,148,W,1123,2741
S2,148,W,1123,2742
S2,148,W,1123,2743
S2,148,D,1124,2744
S2,148,D,1124,2745
S2,148,D,1124,2746
S2,148,W,1124,2747
S2,148,W,1124,2748
S2,148,W,1124,2749
S2,148,D,1125,2750
S2,148,D,1125,2751
S2,148,D,1125,2752
S2,148,W,1125,2753
S2,148,W,1125,2754
S2,148,W,1125,2755
S2,152,D,1126,2756
S2,152,D,1126,2757
S2,152,D,1126,2758
S2,152,W,1126,2759
S2,152,W,1126,2760
S2,152,W,1126,2761
S2,152,D,1127,2762
S2,152,D,1127,2763
S2,152,D,1127,2764
S2,152,W,1127,2765
S2,152,W,1127,2766
S2,152,W,1127,2767
S2,152,D,1128,2768
S2,152,D,1128,2769
S2,152,D,1128,2770
S2,152,W,1128,2771
S2,152,W,1128,2772
S2,152,W,1128,2773
S2,152,D,1129,2774
S2,152,D,1129,2775
S2,152,D,1129,2776
S2,152,W,1129,2777
S2,152,W,1129,2778
S2,152,W,1129,2779
S2,152,D,1130,2780
S2,152,D,1130,2781
S2,152,D,1130,2782
S2,152,W,1130,2783
S2,152,W,1130,2784
S2,152,W,1130,2785
S2,152,D,1131,2786
S2,152,D,1131,2787
S2,152,D,1131,2788
S2,152,W,1131,2789
S2,152,W,1131,2790
S2,152,W,1131,2791
S2,153,D,1132,2792
S2,153,D,1132,2793
S2,153,D,1132,2794
S2,153,W,1132,2795
S2,153,W,1132,2796
S2,153,W,1132,2797
S2,153,D,1133,2798
S2,153,D,1133,2799
S2,153,D,1133,2800
S2,153,W,1133,2801
S2,153,W,1133,2802
S2,153,W,1133,2803
S2,153,D,1134,2804
S2,153,D,1134,2805
S2,153,D,1134,2806
S2,153,W,1134,2807
S2,153,W,1134,2808
S2,153,W,1134,2809
S2,153,D,1135,2810
S2,153,D,1135,2811
S2,153,D,1135,2812
S2,153,W,1135,2813
S2,153,W,1135,2814
S2,153,W,1135,2815
S2,153,D,1136,2816
S2,153,D,1136,2817
S2,153,D,1136,2818
S2,153,W,1136,2819
S2,153,W,1136,2820
S2,153,W,1136,2821
S2,153,D,1137,2822
S2,153,D,1137,2823
S2,153,D,1137,2824
S2,153,W,1137,2825
S2,153,W,1137,2826
S2,153,W,1137,2827
S2,154,D,1138,2828
S2,154,D,1138,2829
S2,154,D,1138,2830
S2,154,W,1138,2831
S2,154,W,1138,2832
S2,154,W,1138,2833
S2,154,D,1139,2834
S2,154,D,1139,2835
S2,154,D,1139,2836
S2,154,W,1139,2837
S2,154,W,1139,2838
S2,154,W,1139,2839
S2,154,D,1140,2840
S2,154,D,1140,2841
S2,154,D,1140,2842
S2,154,W,1140,2843
S2,154,W,1140,2844
S2,154,W,1140,2845
S2,154,D,1141,2846
S2,154,D,1141,2847
S2,154,D,1141,2848
S2,154,W,1141,2849
S2,154,W,1141,2850
S2,154,W,1141,2851
S2,154,D,1142,2852
S2,154,D,1142,2853
S2,154,D,1142,2854
S2,154,W,1142,2855
S2,154,W,1142,2856
S2,154,W,1142,2857
S2,154,D,1143,2858
S2,154,D,1143,2859
S2,154,D,1143,2860
S2,154,W,1143,2861
S2,154,W,1143,2862
S2,154,W,1143,2863
S2,155,D,1144,2864
S2,155,D,1144,2865
S2,155,D,1144,2866
S2,155,W,1144,2867
S2,155,W,1144,2868
S2,155,W,1144,2869
S2,155,D,1145,2870
S2,155,D,1145,2871
S2,155,D,1145,2872
S2,155,W,1145,2873
S2,155,W,1145,2874
S2,155,W,1145,2875
S2,155,D,1146,2876
S2,155,D,1146,2877
S2,155,D,1146,2878
S2,155,W,1146,2879
S2,155,W,1146,2880
S2,155,W,1146,2881
S2,155,D,1147,2882
S2,155,D,1147,2883
S2,155,D,1147,2884
S2,155,W,1147,2885
S2,155,W,1147,2886
S2,155,W,1147,2887
S2,155,D,1148,2888
S2,155,D,1148,2889
S2,155,D,1148,2890
S2,155,W,1148,2891
S2,155,W,1148,2892
S2,155,W,1148,2893
S2,155,D,1149,2894
S2,155,D,1149,2895
S2,155,D,1149,2896
S2,155,W,1149,2897
S2,155,W,1149,2898
S2,155,W,1149,2899
S2,164,D,1150,2900
S2,164,D,1150,2901
S2,164,D,1150,2902
S2,164,W,1150,2903
S2,164,W,1150,2904
S2,164,W,1150,2905
S2,164,D,1151,2906
S2,164,D,1151,2907
S2,164,D,1151,2908
S2,164,W,1151,2909
S2,164,W,1151,2910
S2,164,W,1151,2911
S2,164,D,1152,2912
S2,164,D,1152,2913
S2,164,D,1152,2914
S2,164,W,1152,2915
S2,164,W,1152,2916
S2,164,W,1152,2917
S2,164,D,1153,2918
S2,164,D,1153,2919
S2,164,D,1153,2920
S2,164,W,1153,2921
S2,164,W,1153,2922
S2,164,W,1153,2923
S2,164,D,1154,2924
S2,164,D,1154,2925
S2,164,D,1154,2926
S2,164,W,1154,2927
S2,164,W,1154,2928
S2,164,W,1154,2929
S2,164,D,1155,2930
S2,164,D,1155,2931
S2,164,D,1155,2932
S2,164,W,1155,2933
S2,164,W,1155,2934
S2,164,W,1155,2935
S2,166,D,1156,2936
S2,166,D,1156,2937
S2,166,D,1156,2938
S2,166,W,1156,2939
S2,166,W,1156,2940
S2,166,W,1156,2941
S2,166,D,1157,2942
S2,166,D,1157,2943
S2,166,D,1157,2944
S2,166,W,1157,2945
S2,166,W,1157,2946
S2,166,W,1157,2947
S2,166,D,1158,2948
S2,166,D,1158,2949
S2,166,D,1158,2950
S2,166,W,1158,2951
S2,166,W,1158,2952
S2,166,W,1158,2953
S2,166,D,1159,2954
S2,166,D,1159,2955
S2,166,D,1159,2956
S2,166,W,1159,2957
S2,166,W,1159,2958
S2,166,W,1159,2959
S2,166,D,1160,2960
S2,166,D,1160,2961
S2,166,D,1160,2962
S2,166,W,1160,2963
S2,166,W,1160,2964
S2,166,W,1160,2965
S2,166,D,1161,2966
S2,166,D,1161,2967
S2,166,D,1161,2968
S2,166,W,1161,2969
S2,166,W,1161,2970
S2,166,W,1161,2971
S2,167,D,1162,2972
S2,167,D,1162,2973
S2,167,D,1162,2974
S2,167,W,1162,2975
S2,167,W,1162,2976
S2,167,W,1162,2977
S2,167,D,1163,2978
S2,167,D,1163,2979
S2,167,D,1163,2980
S2,167,W,1163,2981
S2,167,W,1163,2982
S2,167,W,1163,2983
S2,167,D,1164,2984
S2,167,D,1164,2985
S2,167,D,1164,2986
S2,167,W,1164,2987
S2,167,W,1164,2988
S2,167,W,1164,2989
S2,167,D,1165,2990
S2,167,D,1165,2991
S2,167,D,1165,2992
S2,167,W,1165,2993
S2,167,W,1165,2994
S2,167,W,1165,2995
S2,167,D,1166,2996
S2,167,D,1166,2997
S2,167,D,1166,2998
S2,167,W,1166,2999
S2,167,W,1166,3000
S2,167,W,1166,3001
S2,167,D,1167,3002
S2,167,D,1167,3003
S2,167,D,1167,3004
S2,167,W,1167,3005
S2,167,W,1167,3006
S2,167,W,1167,3007
S2,170,D,1168,3008
S2,170,D,1168,3009
S2,170,D,1168,3010
S2,170,W,1168,3011
S2,170,W,1168,3012
S2,170,W,1168,3013
S2,170,D,1169,3014
S2,170,D,1169,3015
S2,170,D,1169,3016
S2,170,W,1169,3017
S2,170,W,1169,3018
S2,170,W,1169,3019
S2,170,D,1170,3020
S2,170,D,1170,3021
S2,170,D,1170,3022
S2,170,W,1170,3023
S2,170,W,1170,3024
S2,170,W,1170,3025
S2,170,D,1171,3026
S2,170,D,1171,3027
S2,170,D,1171,3028
S2,170,W,1171,3029
S2,170,W,1171,3030
S2,170,W,1171,3031
S2,170,D,1172,3032
S2,170,D,1172,3033
S2,170,D,1172,3034
S2,170,W,1172,3035
S2,170,W,1172,3036
S2,170,W,1172,3037
S2,170,D,1173,3038
S2,170,D,1173,3039
S2,170,D,1173,3040
S2,170,W,1173,3041
S2,170,W,1173,3042
S2,170,W,1173,3043
S2,172,D,1174,3044
S2,172,D,1174,3045
S2,172,D,1174,3046
S2,172,W,1174,3047
S2,172,W,1174,3048
S2,172,W,1174,3049
S2,172,D,1175,3050
S2,172,D,1175,3051
S2,172,D,1175,3052
S2,172,W,1175,3053
S2,172,W,1175,3054
S2,172,W,1175,3055
S2,172,D,1176,3056
S2,172,D,1176,3057
S2,172,D,1176,3058
S2,172,W,1176,3059
S2,172,W,1176,3060
S2,172,W,1176,3061
S2,172,D,1177,3062
S2,172,D,1177,3063
S2,172,D,1177,3064
S2,172,W,1177,3065
S2,172,W,1177,3066
S2,172,W,1177,3067
S2,172,D,1178,3068
S2,172,D,1178,3069
S2,172,D,1178,3070
S2,172,W,1178,3071
S2,172,W,1178,3072
S2,172,W,1178,3073
S2,172,D,1179,3074
S2,172,D,1179,3075
S2,172,D,1179,3076
S2,172,W,1179,3077
S2,172,W,1179,3078
S2,172,W,1179,3079
S2,342,D,1180,3080
S2,342,D,1180,3081
S2,342,D,1180,3082
S2,342,W,1180,3083
S2,342,W,1180,3084
S2,342,W,1180,3085
S2,342,D,1181,3086
S2,342,D,1181,3087
S2,342,D,1181,3088
S2,342,W,1181,3089
S2,342,W,1181,3090
S2,342,W,1181,3091
S2,342,D,1182,3092
S2,342,D,1182,3093
S2,342,D,1182,3094
S2,342,W,1182,3095
S2,342,W,1182,3096
S2,342,W,1182,3097
S2,342,D,1183,3098
S2,342,D,1183,3099
S2,342,D,1183,3100
S2,342,W,1183,3101
S2,342,W,1183,3102
S2,342,W,1183,3103
S2,342,D,1184,3104
S2,342,D,1184,3105
S2,342,D,1184,3106
S2,342,W,1184,3107
S2,342,W,1184,3108
S2,342,W,1184,3109
S2,342,D,1185,3110
S2,342,D,1185,3111
S2,342,D,1185,3112
S2,342,W,1185,3113
S2,342,W,1185,3114
S2,342,W,1185,3115
S2,343,D,1186,3116
S2,343,D,1186,3117
S2,343,D,1186,3118
S2,343,W,1186,3119
S2,343,W,1186,3120
S2,343,W,1186,3121
S2,343,D,1187,3122
S2,343,D,1187,3123
S2,343,D,1187,3124
S2,343,W,1187,3125
S2,343,W,1187,3126
S2,343,W,1187,3127
S2,343,D,1188,3128
S2,343,D,1188,3129
S2,343,D,1188,3130
S2,343,W,1188,3131
S2,343,W,1188,3132
S2,343,W,1188,3133
S2,343,D,1189,3134
S2,343,D,1189,3135
S2,343,D,1189,3136
S2,343,W,1189,3137
S2,343,W,1189,3138
S2,343,W,1189,3139
S2,343,D,1190,3140
S2,343,D,1190,3141
S2,343,D,1190,3142
S2,343,W,1190,3143
S2,343,W,1190,3144
S2,343,W,1190,3145
S2,343,D,1191,3146
S2,343,D,1191,3147
S2,343,D,1191,3148
S2,343,W,1191,3149
S2,343,W,1191,3150
S2,343,W,1191,3151
S2,344,D,1192,3152
S2,344,D,1192,3153
S2,344,D,1192,3154
S2,344,W,1192,3155
S2,344,W,1192,3156
S2,344,W,1192,3157
S2,344,D,1193,3158
S2,344,D,1193,3159
S2,344,D,1193,3160
S2,344,W,1193,3161
S2,344,W,1193,3162
S2,344,W,1193,3163
S2,344,D,1194,3164
S2,344,D,1194,3165
S2,344,D,1194,3166
S2,344,W,1194,3167
S2,344,W,1194,3168
S2,344,W,1194,3169
S2,344,D,1195,3170
S2,344,D,1195,3171
S2,344,D,1195,3172
S2,344,W,1195,3173
S2,344,W,1195,3174
S2,344,W,1195,3175
S2,344,D,1196,3176
S2,344,D,1196,3177
S2,344,D,1196,3178
S2,344,W,1196,3179
S2,344,W,1196,3180
S2,344,W,1196,3181
S2,344,D,1197,3182
S2,344,D,1197,3183
S2,344,D,1197,3184
S2,344,W,1197,3185
S2,344,W,1197,3186
S2,344,W,1197,3187
S2,345,D,1198,3188
S2,345,D,1198,3189
S2,345,D,1198,3190
S2,345,W,1198,3191
S2,345,W,1198,3192
S2,345,W,1198,3193
S2,345,D,1199,3194
S2,345,D,1199,3195
S2,345,D,1199,3196
S2,345,W,1199,3197
S2,345,W,1199,3198
S2,345,W,1199,3199
S2,345,D,1200,3200
S2,345,D,1200,3201
S2,345,D,1200,3202
S2,345,W,1200,3203
S2,345,W,1200,3204
S2,345,W,1200,3205
S2,345,D,1201,3206
S2,345,D,1201,3207
S2,345,D,1201,3208
S2,345,W,1201,3209
S2,345,W,1201,3210
S2,345,W,1201,3211
S2,345,D,1202,3212
S2,345,D,1202,3213
S2,345,D,1202,3214
S2,345,W,1202,3215
S2,345,W,1202,3216
S2,345,W,1202,3217
S2,345,D,1203,3218
S2,345,D,1203,3219
S2,345,D,1203,3220
S2,345,W,1203,3221
S2,345,W,1203,3222
S2,345,W,1203,3223
S2,349,D,1204,3224
S2,349,D,1204,3225
S2,349,D,1204,3226
S2,349,W,1204,3227
S2,349,W,1204,3228
S2,349,W,1204,3229
S2,349,D,1205,3230
S2,349,D,1205,3231
S2,349,D,1205,3232
S2,349,W,1205,3233
S2,349,W,1205,3234
S2,349,W,1205,3235
S2,349,D,1206,3236
S2,349,D,1206,3237
S2,349,D,1206,3238
S2,349,W,1206,3239
S2,349,W,1206,3240
S2,349,W,1206,3241
S2,349,D,1207,3242
S2,349,D,1207,3243
S2,349,D,1207,3244
S2,349,W,1207,3245
S2,349,W,1207,3246
S2,349,W,1207,3247
S2,349,D,1208,3248
S2,349,D,1208,3249
S2,349,D,1208,3250
S2,349,W,1208,3251
S2,349,W,1208,3252
S2,349,W,1208,3253
S2,349,D,1209,3254
S2,349,D,1209,3255
S2,349,D,1209,3256
S2,349,W,1209,3257
S2,349,W,1209,3258
S2,349,W,1209,3259
S2,371,D,1210,3260
S2,371,D,1210,3261
S2,371,D,1210,3262
S2,371,W,1210,3263
S2,371,W,1210,3264
S2,371,W,1210,3265
S2,371,D,1211,3266
S2,371,D,1211,3267
S2,371,D,1211,3268
S2,371,W,1211,3269
S2,371,W,1211,3270
S2,371,W,1211,3271
S2,371,D,1212,3272
S2,371,D,1212,3273
S2,371,D,1212,3274
S2,371,W,1212,3275
S2,371,W,1212,3276
S2,371,W,1212,3277
S2,371,D,1213,3278
S2,371,D,1213,3279
S2,371,D,1213,3280
S2,371,W,1213,3281
S2,371,W,1213,3282
S2,371,W,1213,3283
S2,371,D,1214,3284
S2,371,D,1214,3285
S2,371,D,1214,3286
S2,371,W,1214,3287
S2,371,W,1214,3288
S2,371,W,1214,3289
S2,371,D,1215,3290
S2,371,D,1215,3291
S2,371,D,1215,3292
S2,371,W,1215,3293
S2,371,W,1215,3294
S2,371,W,1215,3295
S2,372,D,1216,3296
S2,372,D,1216,3297
S2,372,D,1216,3298
S2,372,W,1216,3299
S2,372,W,1216,3300
S2,372,W,1216,3301
S2,372,D,1217,3302
S2,372,D,1217,3303
S2,372,D,1217,3304
S2,372,W,1217,3305
S2,372,W,1217,3306
S2,372,W,1217,3307
S2,372,D,1218,3308
S2,372,D,1218,3309
S2,372,D,1218,3310
S2,372,W,1218,3311
S2,372,W,1218,3312
S2,372,W,1218,3313
S2,372,D,1219,3314
S2,372,D,1219,3315
S2,372,D,1219,3316
S2,372,W,1219,3317
S2,372,W,1219,3318
S2,372,W,1219,3319
S2,372,D,1220,3320
S2,372,D,1220,3321
S2,372,D,1220,3322
S2,372,W,1220,3323
S2,372,W,1220,3324
S2,372,W,1220,3325
S2,372,D,1221,3326
S2,372,D,1221,3327
S2,372,D,1221,3328
S2,372,W,1221,3329
S2,372,W,1221,3330
S2,372,W,1221,3331
S2,373,D,1222,3332
S2,373,D,1222,3333
S2,373,D,1222,3334
S2,373,W,1222,3335
S2,373,W,1222,3336
S2,373,W,1222,3337
S2,373,D,1223,3338
S2,373,D,1223,3339
S2,373,D,1223,3340
S2,373,W,1223,3341
S2,373,W,1223,3342
S2,373,W,1223,3343
S2,373,D,1224,3344
S2,373,D,1224,3345
S2,373,D,1224,3346
S2,373,W,1224,3347
S2,373,W,1224,3348
S2,373,W,1224,3349
S2,373,D,1225,3350
S2,373,D,1225,3351
S2,373,D,1225,3352
S2,373,W,1225,3353
S2,373,W,1225,3354
S2,373,W,1225,3355
S2,373,D,1226,3356
S2,373,D,1226,3357
S2,373,D,1226,3358
S2,373,W,1226,3359
S2,373,W,1226,3360
S2,373,W,1226,3361
S2,373,D,1227,3362
S2,373,D,1227,3363
S2,373,D,1227,3364
S2,373,W,1227,3365
S2,373,W,1227,3366
S2,373,W,1227,3367
S2,374,D,1228,3368
S2,374,D,1228,3369
S2,374,D,1228,3370
S2,374,W,1228,3371
S2,374,W,1228,3372
S2,374,W,1228,3373
S2,374,D,1229,3374
S2,374,D,1229,3375
S2,374,D,1229,3376
S2,374,W,1229,3377
S2,374,W,1229,3378
S2,374,W,1229,3379
S2,374,D,1230,3380
S2,374,D,1230,3381
S2,374,D,1230,3382
S2,374,W,1230,3383
S2,374,W,1230,3384
S2,374,W,1230,3385
S2,374,D,1231,3386
S2,374,D,1231,3387
S2,374,D,1231,3388
S2,374,W,1231,3389
S2,374,W,1231,3390
S2,374,W,1231,3391
S2,374,D,1232,3392
S2,374,D,1232,3393
S2,374,D,1232,3394
S2,374,W,1232,3395
S2,374,W,1232,3396
S2,374,W,1232,3397
S2,374,D,1233,3398
S2,374,D,1233,3399
S2,374,D,1233,3400
S2,374,W,1233,3401
S2,374,W,1233,3402
S2,374,W,1233,3403
S2,375,D,1234,3404
S2,375,D,1234,3405
S2,375,D,1234,3406
S2,375,W,1234,3407
S2,375,W,1234,3408
S2,375,W,1234,3409
S2,375,D,1235,3410
S2,375,D,1235,3411
S2,375,D,1235,3412
S2,375,W,1235,3413
S2,375,W,1235,3414
S2,375,W,1235,3415
S2,375,D,1236,3416
S2,375,D,1236,3417
S2,375,D,1236,3418
S2,375,W,1236,3419
S2,375,W,1236,3420
S2,375,W,1236,3421
S2,375,D,1237,3422
S2,375,D,1237,3423
S2,375,D,1237,3424
S2,375,W,1237,3425
S2,375,W,1237,3426
S2,375,W,1237,3427
S2,375,D,1238,3428
S2,375,D,1238,3429
S2,375,D,1238,3430
S2,375,W,1238,3431
S2,375,W,1238,3432
S2,375,W,1238,3433
S2,375,D,1239,3434
S2,375,D,1239,3435
S2,375,D,1239,3436
S2,375,W,1239,3437
S2,375,W,1239,3438
S2,375,W,1239,3439