Treatment,ID,ww,sa,dw,wc,sla
Dry,3144,0.07,3.227,0.02,0.05,161.35
Dry,2370,0.58,12.099,0.132,0.448,91.65909091
Dry,3066,0.1,3.609,0.014,0.086,257.7857143
Dry,3141,0.22,9.492,0.037,0.183,256.5405405
Dry,2928,0.16,7.522,0.047,0.113,160.0425532
Dry,2157,0.03,1.491,0.007,0.023,213
Dry,2520,0.12,5.015,0.036,0.084,139.3055556
Dry,3243,0.1,4.937,0.038,0.062,129.9210526
Dry,3003,0.12,4.718,0.018,0.102,262.1111111
Dry,2994,,,,0,#DIV/0!
Dry,3426,0.09,4.423,0.033,0.057,134.030303
Dry,2859,,,,0,#DIV/0!
Dry,2919,,,,0,#DIV/0!
Dry,2601,0.1,4.011,0.015,0.085,267.4
Dry,2208,,,,0,#DIV/0!
Dry,3114,0.07,3.346,0.025,0.045,133.84
Dry,2061,,,,0,#DIV/0!
Dry,2727,0.09,4.167,0.019,0.071,219.3157895
Dry,2289,0.2,8,0.046,0.154,173.9130435
Dry,2808,0.18,8.502,0.039,0.141,218
Dry,3030,,,,0,#DIV/0!
Dry,2688,0.1,4.221,0.022,0.078,191.8636364
Dry,2115,,,,0,#DIV/0!
Dry,2328,0.05,1.936,0.021,0.029,92.19047619
Dry,2343,0.11,5.419,0.018,0.092,301.0555556
Dry,3345,0.06,3.164,0.024,0.036,131.8333333
Dry,3438,0.22,8.435,0.045,0.175,187.4444444
Dry,2526,0.22,9.193,0.045,0.175,204.2888889
Dry,3069,0.15,6.182,0.03,0.12,206.0666667
Dry,2613,0.04,1.792,0.012,0.028,149.3333333
Dry,2346,0.06,1.946,0.009,0.051,216.2222222
Dry,3072,0.08,4.2,0.032,0.048,131.25
Dry,2514,0.1,4.172,0.037,0.063,112.7567568
Dry,3150,0.16,7.61,0.049,0.111,155.3061224
Dry,2166,0.12,2.545,0.008,0.112,318.125
Dry,2592,0.1,4.203,0.044,0.056,95.52272727
Dry,3222,,,,0,#DIV/0!
Dry,3234,0.04,3.389,0.038,0.002,89.18421053
Dry,2049,0.19,7.623,0.034,0.156,224.2058824
Dry,3036,0.12,4.927,0.024,0.096,205.2916667
Dry,2781,0.11,5.35,0.023,0.087,232.6086957
Dry,3213,0.13,4.861,0.041,0.089,118.5609756
Dry,2070,0.19,9.878,0.061,0.129,161.9344262
Dry,2295,0.16,6.529,0.046,0.114,141.9347826
Dry,2706,0.11,4.475,0.039,0.071,114.7435897
Dry,3261,0.12,5.49,0.031,0.089,177.0967742
Dry,3405,0.11,4.405,0.023,0.087,191.5217391
Dry,3201,0.13,5.952,0.037,0.093,160.8648649
Dry,3063,,,,0,#DIV/0!
Dry,2508,0.15,6.52,0.038,0.112,171.5789474
Dry,3090,,,,0,#DIV/0!
Dry,3291,0.11,4.713,0.023,0.087,204.9130435
Dry,3240,0.12,5.546,0.034,0.086,163.1176471
Dry,2376,0.18,5.931,0.028,0.152,211.8214286
Dry,2337,0.04,2.254,0.014,0.026,161
Dry,2958,0.06,2.257,0.013,0.047,173.6153846
Dry,3231,0.13,5.55,0.029,0.101,191.3793103
Dry,2883,0.09,3.971,0.031,0.059,128.0967742
Dry,3075,0.15,6.048,0.029,0.121,208.5517241
Dry,3294,0.1,4.05,0.022,0.078,184.0909091
Dry,3123,0.13,5.742,0.034,0.096,168.8823529
Dry,3390,0.1,3.832,0.018,0.082,212.8888889
Dry,2886,0.15,5.463,0.027,0.123,202.3333333
Dry,2247,,,,0,#DIV/0!
Dry,3060,,,,0,#DIV/0!
Dry,2205,,,,0,#DIV/0!
Dry,2403,0.18,6.17,0.037,0.143,166.7567568
Dry,2322,0.15,5.262,0.036,0.114,146.1666667
Dry,2373,0.21,6.937,0.048,0.162,144.5208333
Dry,2082,0.04,2.28,0.014,0.026,162.8571429
Dry,2451,,,,0,#DIV/0!
Dry,2967,0.09,3.581,0.02,0.07,179.05
Dry,2577,0.08,2.799,0.021,0.059,133.2857143
Dry,2970,0.08,3.043,0.018,0.062,169.0555556
Dry,3333,0.06,3.125,0.019,0.041,164.4736842
Dry,3339,0.06,2.534,0.016,0.044,158.375
Dry,2385,0.31,10.091,0.067,0.243,150.6119403
Dry,2136,0.06,2.836,0.018,0.042,157.5555556
Dry,2292,0.16,5.535,0.04,0.12,138.375
Dry,2151,0.04,1.64,0.014,0.026,117.1428571
Dry,2223,0.1,4.452,0.022,0.078,202.3636364
Dry,2769,0.11,5.161,0.028,0.082,184.3214286
Dry,2580,0.06,2.909,0.023,0.037,126.4782609
Dry,3015,0.1,3.408,0.023,0.077,148.173913
Dry,2982,0.1,3.698,0.024,0.076,154.0833333
Dry,2298,0.39,13.625,0.085,0.305,160.2941176
Dry,2271,0.13,4.514,0.035,0.095,128.9714286
Dry,3312,0.1,4.97,0.05,0.05,99.4
Dry,2013,0.15,5.605,0.037,0.113,151.4864865
Dry,2004,0.15,5.467,0.035,0.115,156.2
Dry,3027,0.1,4.071,0.024,0.076,169.625
Dry,3195,0.11,4.277,0.027,0.083,158.4074074
Dry,3093,,,,0,#DIV/0!
Dry,2178,0.03,1.145,0.007,0.023,163.5714286
Dry,2016,0.17,6.217,0.041,0.129,151.6341463
Dry,2379,0.12,3.491,0.055,0.065,63.47272727
Dry,3102,0.08,3.66,0.047,0.033,77.87234043
Dry,2718,0.15,5.48,0.044,0.106,124.5454545
Dry,2946,0.09,4.033,0.028,0.062,144.0357143
Dry,3183,0.27,10.377,0.038,0.232,273.0789474
Dry,2658,,,,0,#DIV/0!
Dry,2226,0.06,3.386,0.026,0.034,130.2307692
Dry,2922,0.09,3.87,0.062,0.028,62.41935484
Dry,2973,0.09,3.631,0.022,0.068,165.0454545
Dry,2877,0.08,3.703,0.042,0.038,88.16666667
Dry,3006,0.12,5.8,0.049,0.071,118.3673469
Dry,2754,0.05,1.685,0.016,0.034,105.3125
Dry,2331,0.06,2.709,0.025,0.035,108.36
Dry,2124,0.004,1.44,0.006,-0.002,240
Dry,2937,0.05,2.567,0.019,0.031,135.1052632
Dry,2556,0.1,3.005,0.031,0.069,96.93548387
Dry,3309,0.12,5.385,0.025,0.095,215.4
Dry,2772,,,,0,#DIV/0!
Dry,2412,0.1,4.015,0.042,0.058,95.5952381
Dry,2133,0.07,2.34,0.014,0.056,167.1428571
Dry,2661,0.1,4.111,0.03,0.07,137.0333333
Dry,3204,0.13,5.589,0.045,0.085,124.2
Dry,3366,0.11,5.174,0.043,0.067,120.3255814
Dry,2448,0.09,3.78,0.031,0.059,121.9354839
Dry,2751,0.02,1.283,0.028,-0.008,45.82142857
Dry,2961,0.06,3.394,0.019,0.041,178.6315789
Dry,2793,0.2,8.229,0.037,0.163,222.4054054
Dry,3099,,,,0,#DIV/0!
Dry,2187,0.07,3.291,0.037,0.033,88.94594595
Dry,2010,0.09,3.639,0.039,0.051,93.30769231
Dry,2766,0.04,2.69,0.036,0.004,74.72222222
Dry,3168,0.17,6.967,0.041,0.129,169.9268293
Dry,2127,0.09,3.767,0.02,0.07,188.35
Dry,3237,0.14,5.825,0.037,0.103,157.4324324
Dry,2181,0.11,4.842,0.051,0.059,94.94117647
Dry,2649,0.14,5.214,0.035,0.105,148.9714286
Dry,2418,0.17,5.738,0.025,0.145,229.52
Dry,3219,0.14,4.961,0.076,0.064,65.27631579
Dry,2559,0.09,2.948,0.017,0.073,173.4117647
Dry,3267,0.16,6.961,0.041,0.119,169.7804878
Dry,2541,0.14,5.152,0.037,0.103,139.2432432
Dry,2085,,,,0,#DIV/0!
Dry,2466,0.09,3.354,0.019,0.071,176.5263158
Dry,3258,0.17,6.441,0.038,0.132,169.5
Dry,2235,0.11,4.117,0.037,0.073,111.2702703
Dry,3180,0.08,3.668,0.037,0.043,99.13513514
Dry,3024,0.09,3.358,0.025,0.065,134.32
Dry,3096,,,,0,#DIV/0!
Dry,2007,0.15,6.054,0.026,0.124,232.8461538
Dry,2316,0.3,9.371,0.073,0.227,128.369863
Dry,2046,0.12,2.659,0.013,0.107,204.5384615
Dry,3276,0.14,5.191,0.03,0.11,173.0333333
Dry,2829,,,,0,#DIV/0!
Dry,2217,,,,0,#DIV/0!
Dry,2460,0.08,3.033,0.013,0.067,233.3076923
Dry,2313,0.14,5.325,0.044,0.096,121.0227273
Dry,2364,0.15,5.988,0.041,0.109,146.0487805
Dry,2028,0.03,2.64,0.027,0.003,97.77777778
Dry,2898,0.04,2.401,0.016,0.024,150.0625
Dry,2901,0.11,3.815,0.014,0.096,272.5
Dry,3372,0.14,5.672,0.027,0.113,210.0740741
Dry,2775,0.1,1.936,0.012,0.088,161.3333333
Dry,2598,0.05,2.661,0.016,0.034,166.3125
Dry,2256,0.07,2.899,0.023,0.047,126.0434783
Dry,3348,,,,0,#DIV/0!
Dry,3255,0.09,3.595,0.023,0.067,156.3043478
Dry,2691,0.09,3.199,0.019,0.071,168.3684211
Dry,2487,0.09,3.533,0.032,0.058,110.40625
Dry,2034,0.07,3.077,0.015,0.055,205.1333333
Dry,2202,0.05,2.024,0.014,0.036,144.5714286
Dry,2469,0.11,5.17,0.032,0.078,161.5625
Dry,2277,0.12,4.141,0.03,0.09,138.0333333
Dry,3051,0.05,2.722,0.016,0.034,170.125
Dry,2055,0.13,5.75,0.028,0.102,205.3571429
Dry,2568,0.12,4.266,0.028,0.092,152.3571429
Dry,2925,,,,0,#DIV/0!
Dry,2676,0.11,4.842,0.033,0.077,146.7272727
Dry,2439,,,,0,#DIV/0!
Dry,2733,0.05,1.582,0.007,0.043,226
Dry,2871,0.08,3.322,0.025,0.055,132.88
Dry,3210,0.12,5.311,0.028,0.092,189.6785714
Dry,2823,0.05,2.063,0.013,0.037,158.6923077
Dry,3279,0.07,2.792,0.015,0.055,186.1333333
Dry,2799,0.09,3.294,0.021,0.069,156.8571429
Dry,2748,,,,0,#DIV/0!
Dry,3225,0.07,2.497,0.019,0.051,131.4210526
Dry,2031,,,,0,#DIV/0!
Dry,2139,0.04,1.131,0.01,0.03,113.1
Dry,2679,0.06,2.635,0.018,0.042,146.3888889
Dry,2160,0.09,3.042,0.027,0.063,112.6666667
Dry,2934,0.08,3,0.018,0.062,166.6666667
Dry,2844,0.12,4.771,0.026,0.094,183.5
Dry,3393,0.11,3.949,0.014,0.096,282.0714286
Dry,2700,0.12,3.962,0.027,0.093,146.7407407
Dry,2280,0.19,6.23,0.05,0.14,124.6
Dry,3147,0.11,4.73,0.029,0.081,163.1034483
Dry,2916,0.14,6.709,0.04,0.1,167.725
Dry,2088,0.04,1.759,0.13,-0.09,13.53076923
Dry,2832,0.04,1.801,0.01,0.03,180.1
Dry,2817,0.12,5.389,0.017,0.103,317
Dry,2583,,,,0,#DIV/0!
Dry,2478,0.06,2.684,0.013,0.047,206.4615385
Dry,2703,0.14,5.179,0.083,0.057,62.39759036
Dry,2244,,,,0,#DIV/0!
Dry,2025,,,,0,#DIV/0!
Dry,2121,0.04,1.831,0.007,0.033,261.5714286
Dry,3057,0.07,2.479,0.019,0.051,130.4736842
Dry,2940,0.06,2.448,0.016,0.044,153
Dry,2667,0.14,5.54,0.035,0.105,158.2857143
Dry,2790,0.07,3.882,0.024,0.046,161.75
Dry,2424,0.21,7.317,0.064,0.146,114.328125
Dry,3423,0.09,3.826,0.018,0.072,212.5555556
Dry,3081,0.07,2.753,0.018,0.052,152.9444444
Dry,2409,0.14,5.452,0.034,0.106,160.3529412
Dry,2058,0.15,6.186,0.041,0.109,150.8780488
Dry,2100,0.11,4.461,0.028,0.082,159.3214286
Dry,3318,0.08,3.175,0.016,0.064,198.4375
Dry,3369,0.07,3.061,0.021,0.049,145.7619048
Dry,2664,0.035,1.361,0.009,0.026,151.2222222
Dry,2040,0.16,6.572,0.039,0.121,168.5128205
Dry,3399,0.2,7.967,0.046,0.154,173.1956522
Dry,3354,0.14,5.309,0.021,0.119,252.8095238
Dry,2904,0.16,6.264,0.031,0.129,202.0645161
Dry,2523,0.17,3.509,0.03,0.14,116.9666667
Dry,2301,0.12,4.473,0.032,0.088,139.78125
Dry,2019,,,,0,#DIV/0!
Dry,2079,0.05,1.842,0.015,0.035,122.8
Dry,3420,,,,0,#DIV/0!
Dry,2550,0.17,7.951,0.039,0.131,203.8717949
Dry,2538,0.11,4.378,0.031,0.079,141.2258065
Dry,3129,0.19,7.717,0.043,0.147,179.4651163
Dry,2826,0.13,5.291,0.028,0.102,188.9642857
Dry,3033,0.15,5.665,0.038,0.112,149.0789474
Dry,3087,,,,0,#DIV/0!
Dry,2610,0.08,2.865,0.02,0.06,143.25
Dry,3351,,,,0,#DIV/0!
Dry,3384,0.09,4.613,0.025,0.065,184.52
Dry,2589,0.03,1.451,0.008,0.022,181.375
Dry,2838,0.04,1.952,0.005,0.035,390.4
Dry,2148,0.07,2.434,0.011,0.059,221.2727273
Dry,2745,0.06,2.289,0.011,0.049,208.0909091
Dry,2037,0.21,8.138,0.039,0.171,208.6666667
Dry,2997,0.11,4.474,0.014,0.096,319.5714286
Dry,2511,0.08,3.747,0.024,0.056,156.125
Dry,2889,0.05,2.516,0.016,0.034,157.25
Dry,2130,0.04,1.442,0.012,0.028,120.1666667
Dry,2616,0.06,2.315,0.016,0.044,144.6875
Dry,3012,,,,0,#DIV/0!
Dry,2175,0.07,2.403,0.018,0.052,133.5
Dry,2358,0.11,4.899,0.034,0.076,144.0882353
Dry,2820,0.15,6.929,0.024,0.126,288.7083333
Dry,2985,0.13,5.473,0.028,0.102,195.4642857
Dry,2895,0.09,3.67,0.023,0.067,159.5652174
Dry,2436,0.19,7.555,0.04,0.15,188.875
Dry,2304,0.3,11.089,0.079,0.221,140.3670886
Dry,3381,0.11,4.331,0.019,0.091,227.9473684
Dry,2856,0.09,4.031,0.017,0.073,237.1176471
Dry,2943,0.08,3.019,0.012,0.068,251.5833333
Dry,2505,0.18,7.594,0.043,0.137,176.6046512
Dry,2865,0.08,3.296,0.023,0.057,143.3043478
Dry,3108,0.12,4.812,0.021,0.099,229.1428571
Dry,2391,0.22,8.902,0.04,0.18,222.55
Dry,2913,0.13,5.165,0.028,0.102,184.4642857
Dry,2112,0.07,3.006,0.013,0.057,231.2307692
Dry,2052,0.25,8.739,0.044,0.206,198.6136364
Dry,2517,0.3,10.874,0.058,0.242,187.4827586
Dry,2673,0.14,6.302,0.035,0.105,180.0571429
Dry,2685,,,,0,#DIV/0!
Dry,3360,0.16,6.278,0.039,0.121,160.974359
Dry,2796,0.14,5.801,0.032,0.108,181.28125
Dry,3396,0.17,6.899,0.044,0.126,156.7954545
Dry,2868,0.07,3.55,0.023,0.047,154.3478261
Dry,2949,0.12,5.153,0.014,0.106,368.0714286
Dry,3132,0.1,4.295,0.028,0.072,153.3928571
Dry,2319,0.12,3.963,0.028,0.092,141.5357143
Dry,3009,0.28,9.115,0.048,0.232,189.8958333
Dry,2427,0.19,7.651,0.033,0.157,231.8484848
Dry,3321,0.09,3.823,0.02,0.07,191.15
Dry,2172,0.07,2.369,0.01,0.06,236.9
Dry,3177,,,,0,#DIV/0!
Dry,3327,0.07,3.582,0.022,0.048,162.8181818
Dry,2910,0.09,3.083,0.021,0.069,146.8095238
Dry,2988,0.06,2.226,0.015,0.045,148.4
Dry,2850,0.06,2.852,0.017,0.043,167.7647059
Dry,2241,,,,0,#DIV/0!
Dry,2595,0.08,2.799,0.021,0.059,133.2857143
Dry,3432,0.17,6.673,0.041,0.129,162.7560976
Dry,3408,0.07,2.953,0.019,0.051,155.4210526
Dry,2382,0.16,5.844,0.037,0.123,157.9459459
Dry,3411,0.08,3.956,0.018,0.062,219.7777778
Dry,2565,0.1,3.89,0.015,0.085,259.3333333
Dry,3189,0.24,8.984,0.06,0.18,149.7333333
Dry,3135,0.09,4.699,0.022,0.068,213.5909091
Dry,3429,0.13,5.36,0.034,0.096,157.6470588
Dry,2763,0.1,5.596,0.026,0.074,215.2307692
Dry,2475,0.1,4.27,0.03,0.07,142.3333333
Dry,2721,,,,0,#DIV/0!
Dry,2811,0.13,5.156,0.02,0.11,257.8
Dry,2814,0.1,3.981,0.025,0.075,159.24
Dry,2979,0.17,6.471,0.036,0.134,179.75
Dry,2562,0.14,5.182,0.043,0.097,120.5116279
Dry,2529,0.19,7.457,0.033,0.157,225.969697
Dry,3039,0.12,5.448,0.022,0.098,247.6363636
Dry,2874,0.07,3.78,0.018,0.052,210
Dry,3303,0.1,4.255,0.024,0.076,177.2916667
Dry,3357,0.19,7.578,0.046,0.144,164.7391304
Dry,2457,0.19,6.516,0.042,0.148,155.1428571
Dry,2253,0.13,4.207,0.038,0.092,110.7105263
Dry,2670,0.13,5.227,0.026,0.104,201.0384615
Dry,2094,0.09,3.332,0.029,0.061,114.8965517
Dry,2274,,,,0,#DIV/0!
Dry,2307,0.22,7.564,0.055,0.165,137.5272727
Dry,3159,0.11,4.417,0.031,0.079,142.483871
Dry,2400,0.21,7.341,0.048,0.162,152.9375
Dry,2739,0.1,4.433,0.027,0.073,164.1851852
Dry,3402,0.11,4.184,0.027,0.083,154.962963
Dry,2211,,,,0,#DIV/0!
Dry,2544,0.16,4.93,0.034,0.126,145
Dry,2787,0.08,3.903,0.021,0.059,185.8571429
Dry,3186,,,,0,#DIV/0!
Dry,3084,,,,0,#DIV/0!
Dry,3306,,,,0,#DIV/0!
Dry,2163,0.06,1.839,0.012,0.048,153.25
Dry,2862,,,,0,#DIV/0!
Dry,3297,0.09,3.727,0.022,0.068,169.4090909
Dry,3414,0.11,4.364,0.035,0.075,124.6857143
Dry,3375,0.09,3.675,0.029,0.061,126.7241379
Dry,2421,0.07,2.657,0.021,0.049,126.5238095
Dry,3435,0.13,4.529,0.031,0.099,146.0967742
Dry,3264,,,,0,#DIV/0!
Dry,3117,,,,0,#DIV/0!
Dry,2499,0.14,5.321,0.018,0.122,295.6111111
Dry,2493,0.09,3.909,0.027,0.063,144.7777778
Dry,2760,0.15,6.42,0.041,0.109,156.5853659
Dry,3048,0.09,4.02,0.024,0.066,167.5
Dry,3207,,,,0,#DIV/0!
Dry,2853,0.06,2.83,0.019,0.041,148.9473684
Dry,2571,0.16,4.582,0.029,0.131,158
Dry,2964,0.07,2.989,0.021,0.049,142.3333333
Dry,2043,0.15,5.877,0.031,0.119,189.5806452
Dry,2355,0.06,1.57,0.018,0.042,87.22222222
Dry,3192,0.09,3.843,0.022,0.068,174.6818182
Dry,2697,0.1,3.722,0.028,0.072,132.9285714
Dry,2118,0.02,1.712,0.008,0.012,214
Dry,2415,0.15,5.38,0.043,0.107,125.1162791
Dry,2907,0.15,5.731,0.033,0.117,173.6666667
Dry,3315,0.1,4.547,0.023,0.077,197.6956522
Dry,3378,0.1,3.196,0.023,0.077,138.9565217
Dry,2406,0.11,4.057,0.019,0.091,213.5263158
Dry,2388,0.12,4.269,0.038,0.082,112.3421053
Dry,2682,,,,0,#DIV/0!
Dry,2283,0.14,4.62,0.032,0.108,144.375
Dry,2619,0.04,1.05,0.009,0.031,116.6666667
Dry,3324,0.07,2.408,0.024,0.046,100.3333333
Dry,3171,,,,0,#DIV/0!
Dry,2352,,,,0,#DIV/0!
Dry,2490,0.11,4.669,0.036,0.074,129.6944444
Dry,2472,0.15,5.314,0.05,0.1,106.28
Dry,3285,0.18,6.419,0.032,0.148,200.59375
Dry,3054,0.05,1.973,0.016,0.034,123.3125
Dry,2076,0.09,3.464,0.022,0.068,157.4545455
Dry,2022,0.03,1.148,0.009,0.021,127.5555556
Dry,2496,0.15,5.426,0.039,0.111,139.1282051
Dry,3363,,,,0,#DIV/0!
Dry,2805,0.12,4.152,0.019,0.101,218.5263158
Dry,2955,0.04,2.176,0.046,-0.006,47.30434783
Dry,3105,0.06,1.911,0.012,0.048,159.25
Dry,2730,0.04,1.777,0.016,0.024,111.0625
Dry,2778,0.09,3.396,0.018,0.072,188.6666667
Dry,3270,0.1,4.53,0.026,0.074,174.2307692
Dry,2229,0.06,2.171,0.015,0.045,144.7333333
Dry,3153,0.1,3.864,0.027,0.073,143.1111111
Dry,3198,0.12,5.043,0.028,0.092,180.1071429
Dry,3342,0.08,3.748,,0.08,#DIV/0!
Dry,3138,0.12,5.227,0.031,0.089,168.6129032
Dry,2340,0.03,1.647,0.01,0.02,164.7
Dry,2442,0.12,4.509,0.032,0.088,140.90625
Dry,2847,,,,0,#DIV/0!
Dry,3228,0.04,1.848,0.017,0.023,108.7058824
Dry,2067,0.17,7.025,0.031,0.139,226.6129032
Dry,2238,0.07,2.495,0.016,0.054,155.9375
Dry,3165,,,,0,#DIV/0!
Dry,2784,0.06,3.039,0.022,0.038,138.1363636
Dry,2586,0.06,2.312,0.009,0.051,256.8888889
Dry,2892,0.11,4.584,0.029,0.081,158.0689655
Dry,2262,0.1,3.705,0.018,0.082,205.8333333
Dry,2220,0.08,2.644,0.021,0.059,125.9047619
Dry,3078,0.09,3.125,0.015,0.075,208.3333333
Dry,3156,,,,0,#DIV/0!
Dry,2715,0.28,9.454,0.077,0.203,122.7792208
Dry,2655,,,,0,#DIV/0!
Dry,2445,0.16,5.617,0.043,0.117,130.627907
Dry,2646,0.08,2.596,0.021,0.059,123.6190476
Dry,2430,0.1,3.433,0.018,0.082,190.7222222
Dry,3216,0.08,3.321,0.009,0.071,369
Dry,2334,0.07,3.062,0.028,0.042,109.3571429
Dry,2154,,,,0,#DIV/0!
Dry,2394,0.37,12.138,0.072,0.298,168.5833333
Dry,2433,0.14,5.757,0.034,0.106,169.3235294
Dry,2142,0.07,2.416,0.019,0.051,127.1578947
Dry,2196,,,,0,#DIV/0!
Dry,2835,0.13,5.771,0.032,0.098,180.34375
Dry,3126,0.06,2.281,0.015,0.045,152.0666667
Dry,3000,0.11,4.587,0.023,0.087,199.4347826
Dry,2397,0.21,5.568,0.046,0.164,121.0434783
Dry,2268,0.1,3.503,0.022,0.078,159.2272727
Dry,2652,,,,0,#DIV/0!
Dry,3174,0.11,4.297,0.017,0.093,252.7647059
Dry,2532,0.11,3.4,0.025,0.085,136
Dry,2742,0.08,3.583,0.016,0.064,223.9375
Dry,3252,0.12,4.977,0.048,0.072,103.6875
Dry,2574,0.12,4.148,0.044,0.076,94.27272727
Dry,3282,0.12,5.193,0.037,0.083,140.3513514
Dry,2631,0.05,2.147,0.017,0.033,126.2941176
Dry,2325,0.01,0.441,0.004,0.006,110.25
Dry,2232,0.15,4.646,0.033,0.117,140.7878788
Dry,2931,0.15,5.572,0.024,0.126,232.1666667
Dry,2310,0.14,4.842,0.039,0.101,124.1538462
Dry,3042,0.26,10.112,0.055,0.205,183.8545455
Dry,2622,0.06,2.219,0.009,0.051,246.5555556
Dry,3387,0.13,4.557,0.043,0.087,105.9767442
Dry,2952,0.09,3.931,0.025,0.065,157.24
Dry,2604,0.08,3.97,0.035,0.045,113.4285714
Dry,2361,0.36,13.902,0.084,0.276,165.5
Dry,2736,,,,0,#DIV/0!
Dry,2547,0.14,4.673,0.033,0.107,141.6060606
Dry,2502,0.15,5.826,0.036,0.114,161.8333333
Dry,2454,0.23,8.145,0.04,0.19,203.625
Dry,2625,0.07,2.226,0.016,0.054,139.125
Dry,2214,0.11,4.884,0.034,0.076,143.6470588
Dry,2634,0.04,1.53,0.013,0.027,117.6923077
Dry,2145,,,,0,#DIV/0!
Dry,2757,0.06,3.149,0.017,0.043,185.2352941
Dry,2607,0.09,2.107,0.012,0.078,175.5833333
Dry,2190,,,,0,#DIV/0!
Dry,2109,0.05,1.489,0.008,0.042,186.125
Dry,2250,0.05,1.782,0.008,0.042,222.75
Dry,2841,,,,0,#DIV/0!
Dry,3045,0.05,2.246,0.015,0.035,149.7333333
Dry,2199,0.06,2.237,0.011,0.049,203.3636364
Dry,2724,0.08,2.886,0.014,0.066,206.1428571
Dry,2991,0.08,3.161,0.008,0.072,395.125
Dry,2484,0.07,2.594,0.011,0.059,235.8181818
Dry,3288,0.11,4.143,0.042,0.068,98.64285714
Dry,3417,0.16,6.232,0.041,0.119,152
Dry,3120,0.17,6.503,0.043,0.127,151.2325581
Dry,3021,0.12,5.651,0.035,0.085,161.4571429
Dry,2367,0.19,8.346,0.046,0.144,181.4347826
Dry,2193,,,,0,#DIV/0!
Dry,2265,,,,0,#DIV/0!
Dry,2976,0.12,5.414,0.042,0.078,128.9047619
Dry,2259,0.14,5.709,0.034,0.106,167.9117647
Dry,3273,0.1,4.315,0.021,0.079,205.4761905
Dry,2463,0.14,6.758,0.034,0.106,198.7647059
Dry,2643,0.06,2.13,0.013,0.047,163.8461538
Dry,2481,0.16,6.168,0.032,0.128,192.75
Dry,2880,0.12,5.401,0.034,0.086,158.8529412
Dry,2091,0.14,5.136,0.044,0.096,116.7272727
Dry,2073,,,,0,#DIV/0!
Dry,2637,0.07,2.722,0.021,0.049,129.6190476
Dry,2628,0.06,1.933,0.014,0.046,138.0714286
Dry,2802,0.08,2.815,0.018,0.062,156.3888889
Dry,2064,0.1,5.553,0.028,0.072,198.3214286
Dry,2694,,,,0,#DIV/0!
Dry,2184,,,,0,#DIV/0!
Dry,2709,0.15,5.242,0.043,0.107,121.9069767
Dry,2169,0.03,1.142,0.004,0.026,285.5
Dry,2097,0.12,4.348,0.024,0.096,181.1666667
Dry,3018,0.1,3.637,0.017,0.083,213.9411765
Dry,2640,0.09,3.401,0.029,0.061,117.2758621
Dry,2286,0.09,3.829,0.021,0.069,182.3333333
Dry,2103,0.1,3.746,0.024,0.076,156.0833333
Dry,3246,0.1,5.482,0.031,0.069,176.8387097
Dry,3300,0.11,4.304,0.029,0.081,148.4137931
Dry,3330,0.05,2.979,0.013,0.037,229.1538462
Dry,3249,0.09,3.697,0.028,0.062,132.0357143
Dry,2349,0.11,4.742,0.031,0.079,152.9677419
Dry,2535,,,,0,#DIV/0!
Dry,3162,,,,0,#DIV/0!
Dry,2001,0.16,6.512,0.042,0.118,155.047619
Dry,3111,0.08,3.78,0.019,0.061,198.9473684
Dry,2106,0.15,5.644,0.04,0.11,141.1
Dry,2553,0.15,5.044,0.029,0.121,173.9310345
Dry,3336,0.15,6.971,0.036,0.114,193.6388889
Dry,2712,,,,0,#DIV/0!
Wet,3144,0.17,7.363,0.043,0.127,171.2325581
Wet,2370,0.29,9.665,0.073,0.217,132.3972603
Wet,3066,0.11,4.485,0.023,0.087,195
Wet,3141,0.17,8.76,0.038,0.132,230.5263158
Wet,2928,0.16,6.409,0.027,0.133,237.3703704
Wet,2157,0.04,1.1,0.007,0.033,157.1428571
Wet,2520,0.17,7.43,0.043,0.127,172.7906977
Wet,3243,0.11,4.72,0.024,0.086,196.6666667
Wet,3003,0.12,5.439,0.024,0.096,226.625
Wet,2994,0.18,8.655,0.041,0.139,211.097561
Wet,3426,0.11,5.997,0.034,0.076,176.3823529
Wet,2859,,,,0,#DIV/0!
Wet,2919,0.18,8.137,0.046,0.134,176.8913043
Wet,2601,0.07,3.092,0.015,0.055,206.1333333
Wet,2208,,,,0,#DIV/0!
Wet,3114,0.13,4.83,0.03,0.1,161
Wet,2061,,,,0,#DIV/0!
Wet,2727,0.14,6.753,0.034,0.106,198.6176471
Wet,2289,0.2,7.828,0.055,0.145,142.3272727
Wet,2808,0.22,10.076,0.061,0.159,165.1803279
Wet,3030,0.21,7.42,0.047,0.163,157.8723404
Wet,2688,0.15,5.636,0.048,0.102,117.4166667
Wet,2115,,,,0,#DIV/0!
Wet,2328,0.05,2.015,0.008,0.042,251.875
Wet,2343,0.08,3.116,0.019,0.061,164
Wet,3345,,,,0,#DIV/0!
Wet,3438,0.05,2.629,0.011,0.039,239
Wet,2526,0.17,6.8,0.034,0.136,200
Wet,3069,0.24,11.026,0.05,0.19,220.52
Wet,2613,0.07,2.383,0.011,0.059,216.6363636
Wet,2346,0.09,3.688,0.017,0.073,216.9411765
Wet,3072,0.18,6.933,0.029,0.151,239.0689655
Wet,2514,0.15,4.636,0.025,0.125,185.44
Wet,3150,,,,0,#DIV/0!
Wet,2166,0.04,1.16,0.006,0.034,193.3333333
Wet,2592,0.11,3.716,0.022,0.088,168.9090909
Wet,3222,,,,0,#DIV/0!
Wet,3234,0.26,11.133,0.068,0.192,163.7205882
Wet,2049,0.09,3.74,0.022,0.068,170
Wet,3036,0.2,8.037,0.034,0.166,236.3823529
Wet,2781,0.16,7.243,0.033,0.127,219.4848485
Wet,3213,0.14,5.733,0.022,0.118,260.5909091
Wet,2070,0.09,3.964,0.017,0.073,233.1764706
Wet,2295,0.12,4.445,0.019,0.101,233.9473684
Wet,2706,0.17,6.731,0.04,0.13,168.275
Wet,3261,0.23,9.285,0.055,0.175,168.8181818
Wet,3405,0.21,8.855,0.046,0.164,192.5
Wet,3201,0.06,2.658,0.017,0.043,156.3529412
Wet,3063,0.16,6.274,0.035,0.125,179.2571429
Wet,2508,0.09,3.433,0.026,0.064,132.0384615
Wet,3090,,,,0,#DIV/0!
Wet,3291,0.16,6.578,0.033,0.127,199.3333333
Wet,3240,0.13,5.695,0.033,0.097,172.5757576
Wet,2376,0.23,8.981,0.05,0.18,179.62
Wet,2337,0.02,1.176,0.005,0.015,235.2
Wet,2958,0.11,4.877,0.023,0.087,212.0434783
Wet,3231,0.13,5.22,0.037,0.093,141.0810811
Wet,2883,0.1,5.077,0.028,0.072,181.3214286
Wet,3075,0.12,5.445,0.027,0.093,201.6666667
Wet,3294,0.25,9.599,0.058,0.192,165.5
Wet,3123,0.09,3.578,0.016,0.074,223.625
Wet,3390,0.09,3.512,0.025,0.065,140.48
Wet,2886,0.04,1.522,0.004,0.036,380.5
Wet,2247,0.06,1.635,0.046,0.014,35.54347826
Wet,3060,,,,0,#DIV/0!
Wet,2205,0.11,3.156,0.011,0.099,286.9090909
Wet,2403,0.4,12.436,0.079,0.321,157.4177215
Wet,2322,0.11,3.9,0.026,0.084,150
Wet,2373,0.19,6.691,0.045,0.145,148.6888889
Wet,2082,0.11,4.137,0.016,0.094,258.5625
Wet,2451,0.37,10.15,0.066,0.304,153.7878788
Wet,2967,0.19,9.028,0.049,0.141,184.244898
Wet,2577,0.12,4.053,0.031,0.089,130.7419355
Wet,2970,0.1,4.142,0.025,0.075,165.68
Wet,3333,0.14,5.657,0.035,0.105,161.6285714
Wet,3339,0.16,6.145,0.025,0.135,245.8
Wet,2385,0.18,6.517,0.04,0.14,162.925
Wet,2136,0.11,4.505,0.026,0.084,173.2692308
Wet,2292,0.14,5.445,0.042,0.098,129.6428571
Wet,2151,0.08,3.182,0.017,0.063,187.1764706
Wet,2223,0.11,4.173,0.017,0.093,245.4705882
Wet,2769,0.15,7.679,0.037,0.113,207.5405405
Wet,2580,0.11,3.716,0.024,0.086,154.8333333
Wet,3015,0.19,7.804,0.041,0.149,190.3414634
Wet,2982,0.12,3.949,0.027,0.093,146.2592593
Wet,2298,0.21,7.45,0.102,0.108,73.03921569
Wet,2271,0.17,6.175,0.04,0.13,154.375
Wet,3312,0.08,2.919,0.018,0.062,162.1666667
Wet,2013,0.14,5.779,0.023,0.117,251.2608696
Wet,2004,0.17,4.384,0.034,0.136,128.9411765
Wet,3027,0.09,3.85,0.019,0.071,202.6315789
Wet,3195,0.08,3.275,0.02,0.06,163.75
Wet,3093,,,,0,#DIV/0!
Wet,2178,0.05,1.568,0.008,0.042,196
Wet,2016,0.14,4.828,0.035,0.105,137.9428571
Wet,2379,0.14,4.282,0.035,0.105,122.3428571
Wet,3102,0.09,4.083,0.016,0.074,255.1875
Wet,2718,0.23,8.664,0.064,0.166,135.375
Wet,2946,0.17,6.729,0.032,0.138,210.28125
Wet,3183,0.19,8.883,0.04,0.15,222.075
Wet,2658,,,,0,#DIV/0!
Wet,2226,0.09,3.648,0.027,0.063,135.1111111
Wet,2922,0.1,4.497,0.021,0.079,214.1428571
Wet,2973,0.08,3.188,0.019,0.061,167.7894737
Wet,2877,0.1,4.62,0.031,0.069,149.0322581
Wet,3006,0.06,2.591,0.016,0.044,161.9375
Wet,2754,0.03,1.62,0.008,0.022,202.5
Wet,2331,0.04,1.339,0.009,0.031,148.7777778
Wet,2124,0.04,1.656,0.01,0.03,165.6
Wet,2937,0.16,8.43,0.051,0.109,165.2941176
Wet,2556,0.1,3.253,0.019,0.081,171.2105263
Wet,3309,0.13,5.423,0.033,0.097,164.3333333
Wet,2772,,,,0,#DIV/0!
Wet,2412,0.15,4.887,0.04,0.11,122.175
Wet,2133,0.07,2.807,0.014,0.056,200.5
Wet,2661,,,,0,#DIV/0!
Wet,3204,0.1,4.264,0.033,0.067,129.2121212
Wet,3366,0.18,6.914,0.035,0.145,197.5428571
Wet,2448,0.11,4.193,0.03,0.08,139.7666667
Wet,2751,0.05,1.761,0.014,0.036,125.7857143
Wet,2961,0.07,2.523,0.014,0.056,180.2142857
Wet,2793,,,,0,#DIV/0!
Wet,3099,,,,0,#DIV/0!
Wet,2187,0.08,2.968,0.01,0.07,296.8
Wet,2010,0.09,3.662,0.014,0.076,261.5714286
Wet,2766,0.09,2.579,0.015,0.075,171.9333333
Wet,3168,0.16,6.487,0.035,0.125,185.3428571
Wet,2127,0.08,3.398,0.017,0.063,199.8823529
Wet,3237,0.21,8.045,0.055,0.155,146.2727273
Wet,2181,0.104,3.901,0.011,0.093,354.6363636
Wet,2649,0.22,7.429,0.056,0.164,132.6607143
Wet,2418,0.1,3.537,0.026,0.074,136.0384615
Wet,3219,0.12,4.849,0.031,0.089,156.4193548
Wet,2559,0.12,3.997,0.016,0.104,249.8125
Wet,3267,0.33,12.945,0.065,0.265,199.1538462
Wet,2541,0.2,7.048,0.049,0.151,143.8367347
Wet,2085,0.04,2.594,0.004,0.036,648.5
Wet,2466,0.22,6.865,0.052,0.168,132.0192308
Wet,3258,0.17,6.703,0.046,0.124,145.7173913
Wet,2235,0.1,3.74,0.011,0.089,340
Wet,3180,0.1,4.766,0.027,0.073,176.5185185
Wet,3024,0.17,6.443,0.04,0.13,161.075
Wet,3096,,,,0,#DIV/0!
Wet,2007,0.18,6.225,0.032,0.148,194.53125
Wet,2316,0.19,7.386,0.046,0.144,160.5652174
Wet,2046,0.14,5.416,0.037,0.103,146.3783784
Wet,3276,0.18,8.286,0.063,0.117,131.5238095
Wet,2829,,,,0,#DIV/0!
Wet,2217,,,,0,#DIV/0!
Wet,2460,0.21,7.493,0.038,0.172,197.1842105
Wet,2313,0.21,8.476,0.056,0.154,151.3571429
Wet,2364,0.07,8.633,0.059,0.011,146.3220339
Wet,2028,0.08,6.201,0.065,0.015,95.4
Wet,2898,0.1,2.617,0.025,0.075,104.68
Wet,2901,0.11,5.099,0.021,0.089,242.8095238
Wet,3372,0.17,7.092,0.055,0.115,128.9454545
Wet,2775,0.07,2.172,0.014,0.056,155.1428571
Wet,2598,0.14,4.973,0.039,0.101,127.5128205
Wet,2256,0.1,4.428,0.027,0.073,164
Wet,3348,,,,0,#DIV/0!
Wet,3255,0.14,5.975,0.04,0.1,149.375
Wet,2691,0.25,9.618,0.115,0.135,83.63478261
Wet,2487,0.11,3.571,0.023,0.087,155.2608696
Wet,2034,0.15,5.999,0.036,0.114,166.6388889
Wet,2202,0.03,2.331,0.018,0.012,129.5
Wet,2469,0.18,7.328,0.034,0.146,215.5294118
Wet,2277,0.18,6.378,0.042,0.138,151.8571429
Wet,3051,0.16,6.6,0.046,0.114,143.4782609
Wet,2055,0.09,3.578,0.021,0.069,170.3809524
Wet,2568,0.15,5.779,0.031,0.119,186.4193548
Wet,2925,,,,0,#DIV/0!
Wet,2676,0.09,4.481,0.015,0.075,298.7333333
Wet,2439,0.09,2.853,0.028,0.062,101.8928571
Wet,2733,0.11,4.696,0.028,0.082,167.7142857
Wet,2871,0.11,5.423,0.028,0.082,193.6785714
Wet,3210,0.06,2.589,0.006,0.054,431.5
Wet,2823,0.09,3.844,0.025,0.065,153.76
Wet,3279,0.15,6.42,0.035,0.115,183.4285714
Wet,2799,0.12,5.761,0.039,0.081,147.7179487
Wet,2748,0.08,2.637,0.009,0.071,293
Wet,3225,0.13,4.554,0.025,0.105,182.16
Wet,2031,0.18,6.207,0.041,0.139,151.3902439
Wet,2139,0.14,5.495,0.034,0.106,161.6176471
Wet,2679,0.06,2.695,0.008,0.052,336.875
Wet,2160,0.08,3.039,0.004,0.076,759.75
Wet,2934,0.28,14.924,0.072,0.208,207.2777778
Wet,2844,0.04,1.714,0.004,0.036,428.5
Wet,3393,0.2,7.407,0.036,0.164,205.75
Wet,2700,0.18,6.843,0.039,0.141,175.4615385
Wet,2280,0.11,3.976,0.031,0.079,128.2580645
Wet,3147,0.18,7.971,0.043,0.137,185.372093
Wet,2916,0.24,10.58,0.049,0.191,215.9183673
Wet,2088,0.04,1.734,0.008,0.032,216.75
Wet,2832,0.08,3.977,0.017,0.063,233.9411765
Wet,2817,0.22,10.028,0.053,0.167,189.2075472
Wet,2583,0.08,2.94,0.021,0.059,140
Wet,2478,0.05,2.382,0.013,0.037,183.2307692
Wet,2703,0.11,4.109,0.027,0.083,152.1851852
Wet,2244,0.06,3.322,0.021,0.039,158.1904762
Wet,2025,0.15,5.032,0.045,0.105,111.8222222
Wet,2121,,,,0,#DIV/0!
Wet,3057,0.15,5.312,0.083,0.067,64
Wet,2940,0.23,9.539,0.047,0.183,202.9574468
Wet,2667,0.18,6.572,0.025,0.155,262.88
Wet,2790,0.11,5.471,0.02,0.09,273.55
Wet,2424,0.21,7.196,0.062,0.148,116.0645161
Wet,3423,0.23,8.56,0.042,0.188,203.8095238
Wet,3081,0.16,5.565,0.033,0.127,168.6363636
Wet,2409,0.12,4.796,0.028,0.092,171.2857143
Wet,2058,0.2,9.536,0.041,0.159,232.5853659
Wet,2100,0.19,6.647,0.052,0.138,127.8269231
Wet,3318,0.08,3.625,0.02,0.06,181.25
Wet,3369,0.13,5.882,0.034,0.096,173
Wet,2664,0.18,6.208,0.033,0.147,188.1212121
Wet,2040,0.18,7.163,0.032,0.148,223.84375
Wet,3399,0.11,3.931,0.031,0.079,126.8064516
Wet,3354,0.15,5.815,0.022,0.128,264.3181818
Wet,2904,0.12,5.232,0.023,0.097,227.4782609
Wet,2523,0.13,4.926,0.038,0.092,129.6315789
Wet,2301,0.16,6.204,0.042,0.118,147.7142857
Wet,2019,0.11,4.046,0.026,0.084,155.6153846
Wet,2079,0.05,2.003,0.005,0.045,400.6
Wet,3420,,,,0,#DIV/0!
Wet,2550,0.17,5.632,0.036,0.134,156.4444444
Wet,2538,0.19,8.138,0.046,0.144,176.9130435
Wet,3129,0.24,10.331,0.065,0.175,158.9384615
Wet,2826,0.16,7.742,0.038,0.122,203.7368421
Wet,3033,0.11,5.184,0.027,0.083,192
Wet,3087,,,,0,#DIV/0!
Wet,2610,0.12,4.742,0.029,0.091,163.5172414
Wet,3351,,,,0,#DIV/0!
Wet,3384,0.16,6.926,0.04,0.12,173.15
Wet,2589,0.06,2.24,0.016,0.044,140
Wet,2838,0.08,3.528,0.018,0.062,196
Wet,2148,0.11,4.4,0.018,0.092,244.4444444
Wet,2745,0.24,9.142,0.035,0.205,261.2
Wet,2037,0.1,4.462,0.02,0.08,223.1
Wet,2997,0.08,3.533,0.018,0.062,196.2777778
Wet,2511,0.23,10.086,0.059,0.171,170.9491525
Wet,2889,0.07,1.104,0.013,0.057,84.92307692
Wet,2130,0.03,0.866,0.008,0.022,108.25
Wet,2616,0.12,4.318,0.022,0.098,196.2727273
Wet,3012,0.24,9.149,0.037,0.203,247.2702703
Wet,2175,0.043,2.008,0.007,0.036,286.8571429
Wet,2358,0.15,5.989,0.025,0.125,239.56
Wet,2820,0.15,6.598,0.035,0.115,188.5142857
Wet,2985,0.12,4.629,0.013,0.107,356.0769231
Wet,2895,0.17,6.974,0.032,0.138,217.9375
Wet,2436,0.44,14.942,0.01,0.43,1494.2
Wet,2304,0.22,9.131,0.054,0.166,169.0925926
Wet,3381,0.07,3.384,0.018,0.052,188
Wet,2856,0.21,9.068,0.05,0.16,181.36
Wet,2943,0.21,8.165,0.046,0.164,177.5
Wet,2505,0.12,4.702,0.022,0.098,213.7272727
Wet,2865,0.09,3.865,0.02,0.07,193.25
Wet,3108,0.09,4.636,0.004,0.086,1159
Wet,2391,0.27,11.02,0.047,0.223,234.4680851
Wet,2913,0.13,5.848,0.032,0.098,182.75
Wet,2112,0.09,3.488,0.013,0.077,268.3076923
Wet,2052,0.16,6.993,0.033,0.127,211.9090909
Wet,2517,0.21,7.229,0.035,0.175,206.5428571
Wet,2673,0.13,4.538,0.027,0.103,168.0740741
Wet,2685,,,,0,#DIV/0!
Wet,3360,0.16,6.904,0.029,0.131,238.0689655
Wet,2796,0.15,6.399,0.037,0.113,172.9459459
Wet,3396,0.29,12.665,0.064,0.226,197.890625
Wet,2868,0.1,5.293,0.027,0.073,196.037037
Wet,2949,0.16,7.229,0.02,0.14,361.45
Wet,3132,0.09,2.651,0.011,0.079,241
Wet,2319,0.2,8.152,0.044,0.156,185.2727273
Wet,3009,0.32,12.323,0.067,0.253,183.9253731
Wet,2427,0.19,8.979,0.041,0.149,219
Wet,3321,0.1,4.606,0.018,0.082,255.8888889
Wet,2172,0.068,2.759,0.01,0.058,275.9
Wet,3177,0.09,4.532,0.017,0.073,266.5882353
Wet,3327,0.14,5.864,0.032,0.108,183.25
Wet,2910,0.11,4.835,0.021,0.089,230.2380952
Wet,2988,0.18,7.364,0.036,0.144,204.5555556
Wet,2850,0.08,4.316,0.019,0.061,227.1578947
Wet,2241,,,,0,#DIV/0!
Wet,2595,0.16,5.304,0.029,0.131,182.8965517
Wet,3432,0.13,4.749,0.009,0.121,527.6666667
Wet,3408,0.1,3.745,0.027,0.073,138.7037037
Wet,2382,0.1,3.738,0.019,0.081,196.7368421
Wet,3411,0.1,4.532,0.027,0.073,167.8518519
Wet,2565,0.13,4.719,0.024,0.106,196.625
Wet,3189,0.1,4.199,0.021,0.079,199.952381
Wet,3135,0.06,2.429,0.009,0.051,269.8888889
Wet,3429,0.03,1.766,0.01,0.02,176.6
Wet,2763,0.15,9.386,0.048,0.102,195.5416667
Wet,2475,0.12,5.743,0.015,0.105,382.8666667
Wet,2721,,,,0,#DIV/0!
Wet,2811,0.15,7.12,0.029,0.121,245.5172414
Wet,2814,0.16,8.578,0.041,0.119,209.2195122
Wet,2979,0.15,6.173,0.033,0.117,187.0606061
Wet,2562,0.12,4.052,0.014,0.106,289.4285714
Wet,2529,0.22,6.652,0.049,0.171,135.755102
Wet,3039,0.23,8.119,0.037,0.193,219.4324324
Wet,2874,0.16,6.631,0.036,0.124,184.1944444
Wet,3303,0.1,3.517,0.014,0.086,251.2142857
Wet,3357,0.14,5.847,0.035,0.105,167.0571429
Wet,2457,0.12,4.165,0.027,0.093,154.2592593
Wet,2253,0.16,6.224,0.035,0.125,177.8285714
Wet,2670,0.04,2.445,0.016,0.024,152.8125
Wet,2094,0.08,3.251,0.019,0.061,171.1052632
Wet,2274,,,,0,#DIV/0!
Wet,2307,0.32,11.517,0.083,0.237,138.7590361
Wet,3159,0.15,6.119,0.033,0.117,185.4242424
Wet,2400,0.17,5.686,0.043,0.127,132.2325581
Wet,2739,0.09,4.121,0.02,0.07,206.05
Wet,3402,0.27,9.556,0.049,0.221,195.0204082
Wet,2211,0.06,2.987,0.021,0.039,142.2380952
Wet,2544,0.08,2.589,0.018,0.062,143.8333333
Wet,2787,,,,0,#DIV/0!
Wet,3186,0.22,8.463,0.044,0.176,192.3409091
Wet,3084,,,,0,#DIV/0!
Wet,3306,0.18,6.582,0.04,0.14,164.55
Wet,2163,0.03,1.17,0.007,0.023,167.1428571
Wet,2862,,,,0,#DIV/0!
Wet,3297,0.17,6.2,0.028,0.142,221.4285714
Wet,3414,0.08,3.187,0.022,0.058,144.8636364
Wet,3375,0.09,4.271,0.021,0.069,203.3809524
Wet,2421,0.08,2.307,0.024,0.056,96.125
Wet,3435,0.08,3.455,0.015,0.065,230.3333333
Wet,3264,,,,0,#DIV/0!
Wet,3117,0.22,8.339,0.043,0.177,193.9302326
Wet,2499,0.12,5.142,0.024,0.096,214.25
Wet,2493,0.15,5.318,0.027,0.123,196.962963
Wet,2760,,,,0,#DIV/0!
Wet,3048,0.17,8.013,0.041,0.129,195.4390244
Wet,3207,,,,0,#DIV/0!
Wet,2853,0.16,7.005,0.043,0.117,162.9069767
Wet,2571,0.12,3.572,0.021,0.099,170.0952381
Wet,2964,0.15,5.815,0.028,0.122,207.6785714
Wet,2043,0.25,9.258,0.049,0.201,188.9387755
Wet,2355,0.12,3.366,0.015,0.105,224.4
Wet,3192,0.11,5.545,0.032,0.078,173.28125
Wet,2697,0.25,8.81,0.043,0.207,204.8837209
Wet,2118,0.07,2.685,0.011,0.059,244.0909091
Wet,2415,0.09,4.105,0.027,0.063,152.037037
Wet,2907,0.12,3.975,0.021,0.099,189.2857143
Wet,3315,0.08,4.037,0.024,0.056,168.2083333
Wet,3378,0.12,4.57,0.025,0.095,182.8
Wet,2406,0.15,5.586,0.04,0.11,139.65
Wet,2388,0.21,8.672,0.051,0.159,170.0392157
Wet,2682,,,,0,#DIV/0!
Wet,2283,0.14,4.687,0.026,0.114,180.2692308
Wet,2619,,,,0,#DIV/0!
Wet,3324,0.12,4.967,0.016,0.104,310.4375
Wet,3171,0.2,8.907,0.039,0.161,228.3846154
Wet,2352,0.08,3.595,0.012,0.068,299.5833333
Wet,2490,0.05,2.632,0.01,0.04,263.2
Wet,2472,0.17,6.687,0.036,0.134,185.75
Wet,3285,0.2,7.195,0.044,0.156,163.5227273
Wet,3054,0.19,6.799,0.046,0.144,147.8043478
Wet,2076,,,,0,#DIV/0!
Wet,2022,0.19,6.31,0.035,0.155,180.2857143
Wet,2496,0.12,4.762,0.028,0.092,170.0714286
Wet,3363,,,,0,#DIV/0!
Wet,2805,0.12,4.195,0.03,0.09,139.8333333
Wet,2955,0.23,8.799,0.059,0.171,149.1355932
Wet,3105,0.12,5.172,0.03,0.09,172.4
Wet,2730,,,,0,#DIV/0!
Wet,2778,0.08,3.591,0.018,0.062,199.5
Wet,3270,0.31,11.731,0.061,0.249,192.3114754
Wet,2229,0.13,3.863,0.019,0.111,203.3157895
Wet,3153,0.21,7.045,0.037,0.173,190.4054054
Wet,3198,0.09,4.236,0.015,0.075,282.4
Wet,3342,0.13,5.28,0.016,0.114,330
Wet,3138,0.16,6.992,0.036,0.124,194.2222222
Wet,2340,0.09,4.398,0.022,0.068,199.9090909
Wet,2442,0.13,4.226,0.026,0.104,162.5384615
Wet,2847,,,,0,#DIV/0!
Wet,3228,0.2,8.177,0.049,0.151,166.877551
Wet,2067,,,,0,#DIV/0!
Wet,2238,,,,0,#DIV/0!
Wet,3165,,,,0,#DIV/0!
Wet,2784,0.05,3.762,0.018,0.032,209
Wet,2586,0.05,1.955,0.014,0.036,139.6428571
Wet,2892,0.08,3.782,0.018,0.062,210.1111111
Wet,2262,0.12,4.983,0.033,0.087,151
Wet,2220,0.14,6.768,0.027,0.113,250.6666667
Wet,3078,0.06,3.03,0.011,0.049,275.4545455
Wet,3156,,,,0,#DIV/0!
Wet,2715,0.13,5.18,0.035,0.095,148
Wet,2655,,,,0,#DIV/0!
Wet,2445,0.38,13.092,0.112,0.268,116.8928571
Wet,2646,,,,0,#DIV/0!
Wet,2430,0.25,9.992,0.06,0.19,166.5333333
Wet,3216,0.13,6.682,0.036,0.094,185.6111111
Wet,2334,,,,0,#DIV/0!
Wet,2154,0.04,2.277,0.004,0.036,569.25
Wet,2394,0.17,4.749,0.022,0.148,215.8636364
Wet,2433,0.15,6.37,0.034,0.116,187.3529412
Wet,2142,0.1,3.463,0.016,0.084,216.4375
Wet,2196,,,,0,#DIV/0!
Wet,2835,0.13,5.745,0.032,0.098,179.53125
Wet,3126,0.17,6.274,0.038,0.132,165.1052632
Wet,3000,0.17,6.745,0.037,0.133,182.2972973
Wet,2397,0.3,8.32,0.07,0.23,118.8571429
Wet,2268,0.06,2.318,0.013,0.047,178.3076923
Wet,2652,,,,0,#DIV/0!
Wet,3174,0.12,5.756,0.019,0.101,302.9473684
Wet,2532,0.16,6.059,0.036,0.124,168.3055556
Wet,2742,0.17,7.017,0.032,0.138,219.28125
Wet,3252,0.25,9.03,0.049,0.201,184.2857143
Wet,2574,0.13,4.83,0.032,0.098,150.9375
Wet,3282,0.17,6.101,0.033,0.137,184.8787879
Wet,2631,0.07,2.744,0.017,0.053,161.4117647
Wet,2325,0.06,2.954,0.012,0.048,246.1666667
Wet,2232,0.11,4.165,0.014,0.096,297.5
Wet,2931,0.06,2.349,0.012,0.048,195.75
Wet,2310,0.12,4.66,0.028,0.092,166.4285714
Wet,3042,0.22,8.49,0.052,0.168,163.2692308
Wet,2622,0.12,4.854,0.024,0.096,202.25
Wet,3387,0.24,7.44,0.055,0.185,135.2727273
Wet,2952,0.1,5.493,0.031,0.069,177.1935484
Wet,2604,0.15,5.804,0.028,0.122,207.2857143
Wet,2361,0.29,11.52,0.057,0.233,202.1052632
Wet,2736,0.14,6.213,0.039,0.101,159.3076923
Wet,2547,0.09,3.201,0.028,0.062,114.3214286
Wet,2502,0.21,8.513,0.051,0.159,166.9215686
Wet,2454,0.15,6.06,0.032,0.118,189.375
Wet,2625,0.04,2.137,0.012,0.028,178.0833333
Wet,2214,,,,0,#DIV/0!
Wet,2634,0.02,0.702,0.007,0.013,100.2857143
Wet,2145,0.1,4.011,0.024,0.076,167.125
Wet,2757,0.08,5.764,0.02,0.06,288.2
Wet,2607,0.15,5.724,0.042,0.108,136.2857143
Wet,2190,0.1,3.943,0.015,0.085,262.8666667
Wet,2109,0.05,2.374,0.012,0.038,197.8333333
Wet,2250,,,,0,#DIV/0!
Wet,2841,,,,0,#DIV/0!
Wet,3045,0.16,5.886,0.033,0.127,178.3636364
Wet,2199,,,,0,#DIV/0!
Wet,2724,0.07,3.377,0.011,0.059,307
Wet,2991,0.23,9.752,0.046,0.184,212
Wet,2484,0.07,3.452,0.019,0.051,181.6842105
Wet,3288,0.19,6.987,0.036,0.154,194.0833333
Wet,3417,0.14,5.637,0.031,0.109,181.8387097
Wet,3120,0.17,7.215,0.026,0.144,277.5
Wet,3021,0.16,6.182,0.037,0.123,167.0810811
Wet,2367,0.32,11.893,0.07,0.25,169.9
Wet,2193,,,,0,#DIV/0!
Wet,2265,,,,0,#DIV/0!
Wet,2976,0.07,2.895,0.012,0.058,241.25
Wet,2259,0.73,19.07,0.11,0.62,173.3636364
Wet,3273,0.23,8.722,0.054,0.176,161.5185185
Wet,2463,0.2,5.256,0.05,0.15,105.12
Wet,2643,0.08,3.031,0.022,0.058,137.7727273
Wet,2481,0.16,5.546,0.025,0.135,221.84
Wet,2880,0.09,4.932,0.026,0.064,189.6923077
Wet,2091,0.19,7.483,0.042,0.148,178.1666667
Wet,2073,,,,0,#DIV/0!
Wet,2637,0.11,3.109,0.02,0.09,155.45
Wet,2628,0.08,3.235,0.012,0.068,269.5833333
Wet,2802,0.11,4.431,0.02,0.09,221.55
Wet,2064,0.12,6.03,0.026,0.094,231.9230769
Wet,2694,,,,0,#DIV/0!
Wet,2184,,,,0,#DIV/0!
Wet,2709,0.31,11.301,0.07,0.24,161.4428571
Wet,2169,0.04,1.133,0.01,0.03,113.3
Wet,2097,0.18,5.763,0.029,0.151,198.7241379
Wet,3018,0.23,5.1,0.043,0.187,118.6046512
Wet,2640,0.08,3.328,0.075,0.005,44.37333333
Wet,2286,0.24,9.317,0.059,0.181,157.9152542
Wet,2103,0.11,3.912,0.006,0.104,652
Wet,3246,0.18,6.993,0.046,0.134,152.0217391
Wet,3300,0.086,4.207,0.017,0.069,247.4705882
Wet,3330,0.12,5.668,0.029,0.091,195.4482759
Wet,3249,0.12,5.239,0.013,0.107,403
Wet,2349,0.11,3.922,0.014,0.096,280.1428571
Wet,2535,0.28,9.207,0.062,0.218,148.5
Wet,3162,0.1,4.004,0.023,0.077,174.0869565
Wet,2001,0.2,7.98,0.046,0.154,173.4782609
Wet,3111,0.085,3.916,0.017,0.068,230.3529412
Wet,2106,0.15,6.373,0.041,0.109,155.4390244
Wet,2553,0.25,9.981,0.062,0.188,160.983871
Wet,3336,0.11,4.373,0.018,0.092,242.9444444
Wet,2712,,,,0,#DIV/0!